,Date,CLOSE,OPEN,HIGH,LOW,VOLUME,Change %
0,28-10-2025,"1,003.55",997.65,"1,008.00",995,33900000.0,0.06%
1,27-10-2025,"1,002.95",996.5,"1,009.05",996.2,15700000.0,0.82%
2,24-10-2025,994.75,"1,011.00","1,011.95",991.3,17710000.0,-1.39%
3,23-10-2025,"1,008.80","1,016.00","1,020.50","1,006.00",43530000.0,0.11%
4,21-10-2025,"1,007.70","1,006.00","1,010.00","1,004.00",3470000.0,0.47%
5,20-10-2025,"1,002.95",997,"1,020.00",997,22200000.0,0.04%
6,17-10-2025,"1,002.55",993.95,"1,009.00",986,25210000.0,0.82%
7,16-10-2025,994.35,982.65,996.6,981.5,22940000.0,1.65%
8,15-10-2025,978.25,975,984.9,973.35,23310000.0,0.11%
9,14-10-2025,977.15,970,980.45,967,22930000.0,0.02%
10,13-10-2025,977,974.3,981,972,18630000.0,-0.40%
11,10-10-2025,980.9,979,986.2,978.1,13760000.0,0.39%
12,09-10-2025,977.1,974.5,979,970.15,15370000.0,-0.16%
13,08-10-2025,978.7,976,985.9,974.55,15940000.0,-0.39%
14,07-10-2025,982.5,974,989.85,971,25540000.0,0.93%
15,06-10-2025,973.45,971.9,977.4,962,18540000.0,0.86%
16,03-10-2025,965.15,952,966.75,952,26660000.0,-0.01%
17,01-10-2025,965.25,952.7,969.6,946,25350000.0,1.50%
18,30-09-2025,951,958.05,960,946.3,28300000.0,0.07%
19,29-09-2025,950.3,946.05,956.8,939.1,32400000.0,0.56%
20,26-09-2025,945.05,945.1,951.45,941.3,14870000.0,-0.51%
21,25-09-2025,949.85,952.5,958,947.4,31410000.0,-0.13%
22,24-09-2025,951.05,952.2,956.45,943,15120000.0,-0.64%
23,23-09-2025,957.2,967,968.2,955.5,21020000.0,-0.73%
24,22-09-2025,964.2,964,971.2,961.95,10850000.0,-0.28%
25,19-09-2025,966.9,974.9,976.7,962.1,31240000.0,-1.02%
26,18-09-2025,976.9,973.3,979.65,969.25,17790000.0,1.08%
27,17-09-2025,966.5,965.15,974.4,964.35,17360000.0,-0.04%
28,16-09-2025,966.85,961.2,969.35,961.2,18660000.0,-0.02%
29,15-09-2025,967.05,969.6,972.35,965,14490000.0,-0.03%
30,12-09-2025,967.3,969.9,970.75,962.25,14360000.0,-0.05%
31,11-09-2025,967.8,960.3,969.25,959.9,15110000.0,0.20%
32,10-09-2025,965.9,973.9,973.9,961.7,18090000.0,0.08%
33,09-09-2025,965.15,974,974.4,962.7,13990000.0,-0.09%
34,08-09-2025,966,969,973.15,960.45,11710000.0,0.27%
35,05-09-2025,963.4,967.5,967.5,954.05,11600000.0,0.22%
36,04-09-2025,961.25,960.2,965.7,956.25,17600000.0,0.71%
37,03-09-2025,954.45,945,956.3,940,16079999.999999998,1.05%
38,02-09-2025,944.5,951,954.8,944,14200000.0,-0.64%
39,01-09-2025,950.6,949.6,957.45,946.35,20180000.0,-0.11%
40,29-08-2025,951.6,954,963.3,950.1,14820000.0,-0.65%
41,28-08-2025,957.8,967,972.2,955,25440000.0,-1.60%
42,26-08-2025,973.4,979.5,985.7,968,16920000.0,-0.88%
43,25-08-2025,982.05,980.1,988.7,978.5,17520000.0,-0.03%
44,22-08-2025,982.3,994.95,998,978.55,19830000.0,-1.34%
45,21-08-2025,995.6,998.75,998.75,991.6,12440000.0,0.15%
46,20-08-2025,994.1,993.5,996,989.5,9950000.0,-0.15%
47,19-08-2025,995.55,999.15,"1,003.05",993.35,12350000.0,-0.62%
48,18-08-2025,"1,001.80","1,005.00","1,013.30",997.8,19280000.0,0.63%
49,14-08-2025,995.55,989,998,985.6,17510000.0,0.55%
50,13-08-2025,990.15,997,997,984.55,13580000.0,0.53%
51,12-08-2025,984.95,995.95,998,983.75,12940000.0,-1.29%
52,11-08-2025,997.8,987.95,998.8,986.55,9110000.0,1.10%
53,08-08-2025,986.95,993.55,996.4,985,13900000.0,-1.08%
54,07-08-2025,997.7,990.05,"1,000.80",988.4,13080000.0,0.51%
55,06-08-2025,992.65,985.55,994,985,14080000.0,0.39%
56,05-08-2025,988.8,993.25,997.2,982.75,23980000.0,-0.72%
57,04-08-2025,996,"1,005.05","1,009.25",994.05,13930000.0,-1.00%
58,01-08-2025,"1,006.10","1,007.00","1,014.15","1,004.65",11320000.0,-0.30%
59,31-07-2025,"1,009.10","1,007.30","1,015.70","1,004.00",22180000.0,-0.38%
60,30-07-2025,"1,012.90","1,014.00","1,016.30","1,008.50",15150000.0,0.21%
61,29-07-2025,"1,010.80",999.95,"1,013.25",998.15,19900000.0,0.65%
62,28-07-2025,"1,004.25","1,001.50","1,010.70","1,000.25",12060000.0,0.19%
63,25-07-2025,"1,002.30","1,007.50","1,007.50",999.5,9310000.0,-0.23%
64,24-07-2025,"1,004.60","1,016.32","1,016.32","1,001.71",19110000.0,-0.50%
65,23-07-2025,"1,009.64","1,003.00","1,012.38",999.01,13630000.0,0.86%
66,22-07-2025,"1,001.06","1,004.05","1,006.50",999.01,14840000.0,0.33%
67,21-07-2025,997.77,986.65,998.52,985.8,22310000.0,2.20%
68,18-07-2025,976.27,990.98,996.02,974.08,16129999.999999998,-1.48%
69,17-07-2025,990.98,999.51,999.91,988.89,22530000.0,-0.47%
70,16-07-2025,995.67,"1,006.50","1,008.84",993.83,17990000.0,0.04%
71,15-07-2025,995.27,984.05,999.31,984.05,14500000.0,0.63%
72,14-07-2025,989.04,989.04,991.88,982.85,13090000.0,-0.04%
73,11-07-2025,989.39,996.52,999.91,987.99,12520000.0,-1.12%
74,10-07-2025,"1,000.61","1,005.50","1,006.00",997.52,17030000.0,-0.25%
75,09-07-2025,"1,003.10","1,001.01","1,004.40",996.57,13860000.0,0.49%
76,08-07-2025,998.22,986.05,"1,000.01",986.05,15220000.0,0.70%
77,07-07-2025,991.23,992.03,996.72,989.44,11350000.0,-0.10%
78,04-07-2025,992.18,991.08,999.26,987.54,7860000.0,0.11%
79,03-07-2025,991.08,994.97,"1,001.51",989.69,16860000.0,0.06%
80,02-07-2025,990.54,"1,007.44","1,007.44",986.5,18880000.0,-1.30%
81,01-07-2025,"1,003.55","1,000.01","1,005.50",999.51,14390000.0,0.53%
82,30-06-2025,998.27,"1,003.25","1,004.40",995.27,13650000.0,-0.67%
83,27-06-2025,"1,004.95","1,004.00","1,007.39",994.23,28210000.0,-0.34%
84,26-06-2025,"1,008.39",988.24,"1,011.03",987.54,50080000.0,2.10%
85,25-06-2025,987.64,980.56,988.54,979.51,18410000.0,0.98%
86,24-06-2025,978.02,980.06,987.04,975.37,22630000.0,0.64%
87,23-06-2025,971.78,971.78,976.52,968.49,11740000.0,-0.83%
88,20-06-2025,979.91,963.4,982.51,963.4,32900000.0,1.52%
89,19-06-2025,965.25,964.55,970.98,960.41,16880000.0,0.07%
90,18-06-2025,964.55,956.12,965.75,956.12,18430000.0,0.22%
91,17-06-2025,962.41,966.1,968.39,957.17,16980000.0,-0.30%
92,16-06-2025,965.3,959.61,967.04,957.67,16510000.000000002,0.93%
93,13-06-2025,956.42,957.62,964.1,954.13,12120000.0,-1.33%
94,12-06-2025,969.29,972.58,978.07,965.25,16350000.000000002,-0.36%
95,11-06-2025,972.78,981.36,981.36,971.08,11100000.0,-0.76%
96,10-06-2025,980.21,988.94,988.94,978.12,15530000.0,-0.69%
97,09-06-2025,986.99,995.02,995.02,985.5,13200000.0,0.01%
98,06-06-2025,986.89,969.59,995.67,968.94,30130000.0,1.49%
99,05-06-2025,972.38,971.58,977.02,967.69,22260000.0,0.43%
100,04-06-2025,968.19,958.12,969.24,958.07,12960000.0,0.86%
101,03-06-2025,959.91,966.59,973.58,957.62,24380000.0,-0.39%
102,02-06-2025,963.65,962.65,965.6,951.63,14670000.0,-0.66%
103,30-05-2025,970.04,963.55,971.98,960.31,28750000.0,0.90%
104,29-05-2025,961.36,961.61,967.99,951.28,28920000.0,0.21%
105,28-05-2025,959.36,957.72,964.85,956.47,18160000.0,-0.15%
106,27-05-2025,960.76,963.4,971.58,955.77,26160000.0,-0.72%
107,26-05-2025,967.69,965.1,972.53,961.06,10800000.0,0.34%
108,23-05-2025,964.4,957.67,966.1,954.87,9570000.0,0.71%
109,22-05-2025,957.57,955.22,959.71,950.24,21310000.0,-0.36%
110,21-05-2025,961.01,961.11,971.03,958.17,15130000.0,0.62%
111,20-05-2025,955.07,961.66,964.9,954.13,23880000.0,-1.23%
112,19-05-2025,966.94,966.1,970.09,963.1,10200000.0,0.21%
113,16-05-2025,964.95,964.5,969.49,961.81,15870000.0,0.05%
114,15-05-2025,964.5,954.38,969.99,946.15,32240000.000000004,1.21%
115,14-05-2025,952.93,958.66,962.7,949.14,15450000.0,-0.62%
116,13-05-2025,958.91,972.58,978.42,957.62,24240000.0,-1.77%
117,12-05-2025,976.17,956.42,977.52,953.78,18620000.0,3.57%
118,09-05-2025,942.5,952.68,957.12,941.06,17190000.0,-2.01%
119,08-05-2025,961.86,974.97,974.97,957.17,34800000.0,-0.88%
120,07-05-2025,970.39,964.6,971.93,958.81,21420000.0,0.72%
121,06-05-2025,963.45,962.6,967.64,959.76,17490000.0,-0.26%
122,05-05-2025,966,967.09,973.58,963.75,15070000.0,0.61%
123,02-05-2025,960.11,962.51,968.54,957.62,22810000.0,0.00%
124,30-04-2025,960.11,954.13,966.05,952.78,31940000.0,0.85%
125,29-04-2025,952.03,957.02,962.01,947.74,18920000.0,-0.59%
126,28-04-2025,957.72,953.23,962.46,951.83,13920000.0,0.47%
127,25-04-2025,953.23,960.01,964.1,943.55,18500000.0,-0.29%
128,24-04-2025,956.02,952.63,959.56,950.19,25930000.0,-0.37%
129,23-04-2025,959.56,986.99,986.99,957.87,30570000.0,-1.93%
130,22-04-2025,978.42,965.1,982.85,965.1,45960000.0,1.80%
131,21-04-2025,961.16,959.61,972.93,952.63,34250000.0,1.07%
132,17-04-2025,950.98,938.66,957.47,936.02,35700000.0,1.53%
133,16-04-2025,936.67,939.56,939.56,927.94,19140000.0,0.70%
134,15-04-2025,930.14,930.19,936.07,925.2,49300000.0,3.22%
135,11-04-2025,901.13,885.17,907.44,885.17,32780000.0,2.37%
136,09-04-2025,880.31,880.31,885.3,874.57,22450000.0,-0.23%
137,08-04-2025,882.38,880.31,888.79,872.98,35560000.0,0.65%
138,07-04-2025,876.67,879.21,887.72,866.94,38000000.0,-3.28%
139,04-04-2025,906.39,904.25,918.69,903.3,33540000.0,1.25%
140,03-04-2025,895.2,888.34,899.76,886.29,11250000.0,-0.11%
141,02-04-2025,896.22,883.15,897.37,883.15,11570000.0,1.64%
142,01-04-2025,881.73,898.76,902.7,880.48,28510000.0,-3.30%
143,28-03-2025,911.83,912.23,915.72,900.68,28770000.0,0.16%
144,27-03-2025,910.41,897.77,918.22,896.82,41660000.0,1.04%
145,26-03-2025,901.03,910.24,911.48,898.76,24480000.0,-0.82%
146,25-03-2025,908.46,900.21,919.56,898.51,39100000.0,1.19%
147,24-03-2025,897.77,887.29,899.96,884.62,17390000.0,1.67%
148,21-03-2025,882.98,875.6,884.85,875.6,33509999.999999996,0.09%
149,20-03-2025,882.18,874.82,884.8,872.48,17830000.0,1.41%
150,19-03-2025,869.89,865.35,873.33,863.95,15220000.0,0.69%
151,18-03-2025,863.95,861.86,866.54,855.4,21910000.0,1.27%
152,17-03-2025,853.08,850.38,859.86,850.38,18950000.0,0.22%
153,13-03-2025,851.18,855.9,858.26,847.92,15740000.0,-0.27%
154,12-03-2025,853.45,843.68,857.12,843.68,18780000.0,1.52%
155,11-03-2025,840.66,839.11,844.9,832.95,19900000.0,-0.12%
156,10-03-2025,841.66,842.4,847.84,839.44,15600000.0,-0.10%
157,07-03-2025,842.53,838.91,848.46,836.72,13370000.0,-0.12%
158,06-03-2025,843.5,841.41,847.84,834.05,32970000.0,0.07%
159,05-03-2025,842.9,848.86,853.28,842.03,21580000.0,-1.17%
160,04-03-2025,852.88,846.89,855.02,844.52,19920000.0,0.50%
161,03-03-2025,848.66,867.74,869.36,844.95,21210000.0,-1.78%
162,28-02-2025,864.05,840.41,866.47,840.41,54520000.0,1.86%
163,27-02-2025,848.24,839.19,853.25,839.19,35790000.0,1.09%
164,25-02-2025,839.09,833.48,841.91,833.48,24140000.0,0.31%
165,24-02-2025,836.47,838.46,840.01,828.49,20690000.0,-0.91%
166,21-02-2025,844.15,838.36,845.37,836.54,15680000.0,0.32%
167,20-02-2025,841.46,853.38,855.22,840.56,26390000.0,-2.32%
168,19-02-2025,861.46,856.37,866.79,854.1,11880000.0,0.24%
169,18-02-2025,859.39,854.4,863.63,850.96,16350000.000000002,0.33%
170,17-02-2025,856.54,840.51,857.87,838.54,12940000.0,1.33%
171,14-02-2025,845.32,848.84,848.84,837.92,19960000.0,-0.17%
172,13-02-2025,846.74,847.39,855,844.67,12600000.0,-0.53%
173,12-02-2025,851.28,844.4,853.88,838.51,22810000.0,0.32%
174,11-02-2025,848.59,849.39,853.38,842.25,22720000.0,-0.84%
175,10-02-2025,855.75,856.52,859.59,852.13,17200000.0,-0.98%
176,07-02-2025,864.22,872.83,881.31,860.36,23510000.0,-0.64%
177,06-02-2025,869.76,865.6,872.33,859.86,26760000.0,0.35%
178,05-02-2025,866.74,864.35,869.94,857.32,23680000.0,0.98%
179,04-02-2025,858.31,842.25,860.76,837.94,28620000.0,2.56%
180,03-02-2025,836.92,832.93,841.31,829.66,20280000.0,-0.77%
181,01-02-2025,843.38,846.64,854.37,835.95,5590000.0,-0.46%
182,31-01-2025,847.27,841.53,850.23,839.89,15820000.0,0.43%
183,30-01-2025,843.65,838.41,846.84,834.2,25740000.0,0.85%
184,29-01-2025,836.57,835.42,838.49,832.35,12620000.0,0.41%
185,28-01-2025,833.13,821.46,840.06,821.46,30180000.0,2.49%
186,27-01-2025,812.88,818.51,819.76,810.98,22800000.0,-1.21%
187,24-01-2025,822.85,827.94,833.08,820.21,24240000.0,-0.91%
188,23-01-2025,830.38,841.41,841.41,823.58,34910000.0,-0.07%
189,22-01-2025,830.96,819.16,833.88,810.71,30620000.0,1.44%
190,21-01-2025,819.16,827.07,828.46,814.5,31160000.0,-0.54%
191,20-01-2025,823.58,810.98,828.41,810.98,17560000.0,0.89%
192,17-01-2025,816.34,819.71,823.2,812.23,23110000.0,-0.93%
193,16-01-2025,823.97,824.37,828.21,819.39,21210000.0,0.55%
194,15-01-2025,819.49,826.19,829.29,816.12,14020000.0,-0.22%
195,14-01-2025,821.26,817.91,826.04,816.47,26660000.0,0.97%
196,13-01-2025,813.4,817.96,821.33,810.13,21670000.0,-1.56%
197,10-01-2025,826.32,833.43,835.37,824.95,17450000.0,-0.66%
198,09-01-2025,831.83,839.98,842.4,826.99,40420000.0,-1.56%
199,08-01-2025,845.05,852.01,853.7,839.59,19740000.0,-1.11%
200,07-01-2025,854.57,855.37,858.36,847.89,13530000.0,0.17%
201,06-01-2025,853.13,867.89,876.42,850.78,18820000.0,-2.21%
202,03-01-2025,872.43,893.28,895.4,870.98,24430000.0,-2.48%
203,02-01-2025,894.65,886.34,899.49,884.3,18560000.0,0.62%
204,01-01-2025,889.16,884.52,894.77,878.36,7310000.0,0.56%
205,31-12-2024,884.22,882.95,888.69,880.61,14120000.0,-0.28%
206,30-12-2024,886.74,893.88,905.25,883.3,22220000.0,-1.13%
207,27-12-2024,896.89,895.17,900.73,892.33,7260000.0,0.42%
208,26-12-2024,893.15,897.04,903.75,888.17,10480000.0,-0.41%
209,24-12-2024,896.82,898.79,902.11,892.55,14490000.0,-0.16%
210,23-12-2024,898.26,888.79,900.76,888.44,11040000.0,1.67%
211,20-12-2024,883.55,888.89,896.54,881.33,25690000.0,-1.23%
212,19-12-2024,894.52,897.57,898.31,887.29,25380000.0,-0.95%
213,18-12-2024,903.1,912.65,915.72,901.33,23420000.0,-1.23%
214,17-12-2024,914.35,925.87,928.86,910.98,21080000.0,-1.71%
215,16-12-2024,930.29,930.24,932.65,925.32,13110000.0,-0.35%
216,13-12-2024,933.55,928.94,935.17,912.35,19010000.0,0.67%
217,12-12-2024,927.32,923.2,932.01,922.06,17290000.0,-0.21%
218,11-12-2024,929.24,928.54,933.63,926.07,14050000.0,-0.27%
219,10-12-2024,931.73,936.52,936.52,926.97,13330000.0,-0.10%
220,09-12-2024,932.68,924.52,937.67,922.21,26950000.0,0.76%
221,06-12-2024,925.62,926.2,929.79,919.71,17780000.0,-0.53%
222,05-12-2024,930.56,927.69,937.64,915.32,39680000.0,0.30%
223,04-12-2024,927.74,916.72,930.19,913.3,44670000.0,1.85%
224,03-12-2024,910.88,909.09,916.42,905.8,43410000.0,1.20%
225,02-12-2024,900.11,899.51,901.83,885.3,15110000.0,0.48%
226,29-11-2024,895.8,898.41,900.06,889.24,27670000.0,0.16%
227,28-11-2024,894.35,907.24,915.77,891.78,35720000.0,-1.06%
228,27-11-2024,903.9,892.73,906.42,890.36,32710000.0,1.50%
229,26-11-2024,890.56,902.75,902.75,882.7,30940000.0,0.00%
230,25-11-2024,890.58,890.31,899.54,880.26,427740000.0,2.29%
231,22-11-2024,870.63,869.61,874.97,862.63,24770000.0,0.25%
232,21-11-2024,868.44,872.53,877.32,864.95,35720000.0,-0.06%
233,19-11-2024,868.96,854.87,874.7,849.24,50980000.0,2.18%
234,18-11-2024,850.43,847.89,857.32,845.4,27080000.0,0.73%
235,14-11-2024,844.27,834.47,850.31,833.97,27150000.0,0.68%
236,13-11-2024,838.59,856.24,862.55,834.42,35730000.0,-2.14%
237,12-11-2024,856.97,883.8,885.3,852.2,31400000.0,-2.72%
238,11-11-2024,880.96,875.1,889.19,873.43,24570000.0,0.68%
239,08-11-2024,875.05,873.83,878.71,870.76,19900000.0,0.45%
240,07-11-2024,871.11,869.99,878.29,866.84,18900000.0,-0.50%
241,06-11-2024,875.45,883.55,883.55,870.51,27790000.0,-0.15%
242,05-11-2024,876.74,849.39,879.16,846.84,44230000.0,2.55%
243,04-11-2024,854.92,870.33,870.33,853.33,28090000.0,-1.34%
244,01-11-2024,866.49,864.35,869.89,860.91,1760000.0,0.09%
245,31-10-2024,865.7,861.86,867.29,857.57,22900000.0,0.06%
246,30-10-2024,865.15,868.84,875.2,859.96,32720000.0,-0.98%
247,29-10-2024,873.75,860.93,879.81,860.41,35790000.0,1.02%
248,28-10-2024,864.95,868.84,873.33,862.3,22010000.0,-0.53%
249,25-10-2024,869.54,875.32,876.74,862.2,26130000.0,-0.36%
250,24-10-2024,872.65,866.89,882.13,866.89,30830000.0,0.80%
251,23-10-2024,865.75,850.41,871.08,850.41,38040000.0,1.24%
252,22-10-2024,855.15,862.88,867.84,853.23,38880000.0,-0.82%
253,21-10-2024,862.2,855.37,871.91,853.4,46550000.0,2.79%
254,18-10-2024,838.84,829.49,843.4,825,24810000.0,0.52%
255,17-10-2024,834.5,845.37,846.72,830.53,14700000.0,-1.57%
256,16-10-2024,847.79,837.96,851.86,837.96,20470000.0,0.93%
257,15-10-2024,839.96,844.9,846.89,835.67,19650000.0,-0.24%
258,14-10-2024,841.96,825.97,843.93,824.95,18530000.0,2.25%
259,11-10-2024,823.45,830.16,830.16,819.59,23670000.0,-0.69%
260,10-10-2024,829.14,817.47,830.66,814.22,21750000.0,1.79%
261,09-10-2024,814.55,822.7,826.32,812.33,41130000.0,-1.08%
262,08-10-2024,823.48,812.98,826.34,808.99,29730000.0,2.06%
263,07-10-2024,806.89,824.05,827.44,804.5,94460000.0,-2.40%
264,04-10-2024,826.77,835.17,843.23,824.45,48680000.0,-1.45%
265,03-10-2024,838.91,855.7,860.93,834.6,48470000.0,-2.56%
266,01-10-2024,860.96,859.86,868.84,857.92,24570000.0,-0.34%
267,30-09-2024,863.88,872.23,873.55,860.06,26380000.0,-1.18%
268,27-09-2024,874.15,886.29,886.89,872.83,35610000.0,-1.73%
269,26-09-2024,889.51,884.32,891.78,881.83,31900000.0,0.24%
270,25-09-2024,887.34,877.89,891.78,877.89,31970000.0,0.62%
271,24-09-2024,881.83,880.31,888.61,874.95,33040000.0,0.47%
272,23-09-2024,877.72,872.33,880.98,867.97,26970000.0,1.07%
273,20-09-2024,868.44,856.12,870.31,851.66,60620000.0,1.91%
274,19-09-2024,852.13,847.49,857.37,847.47,30650000.0,0.81%
275,18-09-2024,845.3,833.85,847.34,833.48,40920000.0,1.56%
276,17-09-2024,832.33,836.92,836.92,830.01,20130000.0,-0.13%
277,16-09-2024,833.4,831.43,836.82,829.96,15170000.0,0.30%
278,13-09-2024,830.91,834.92,834.92,826.47,23860000.0,-0.04%
279,12-09-2024,831.23,824.95,832.93,821.48,32420000.0,1.38%
280,11-09-2024,819.91,823.15,824.2,817.57,22230000.0,-0.39%
281,10-09-2024,823.13,824.95,824.95,816.97,26610000.0,0.23%
282,09-09-2024,821.21,816.97,822.2,813.03,23790000.0,0.58%
283,06-09-2024,816.44,817.12,821.83,815.02,26030000.0,-0.52%
284,05-09-2024,820.68,820.96,822.9,818.96,22880000.0,0.22%
285,04-09-2024,818.86,817.47,820.36,813.97,24680000.0,0.27%
286,03-09-2024,816.64,814.97,817.94,810.28,37280000.0,0.64%
287,02-09-2024,811.46,821.36,821.36,809.59,34050000.0,-0.61%
288,30-08-2024,816.42,825.94,828.94,808.56,445340000.0,-0.10%
289,29-08-2024,817.24,818.96,820.16,813.55,49050000.0,0.09%
290,28-08-2024,816.52,816.84,817.84,813.08,26920000.0,-0.04%
291,27-08-2024,816.84,819.66,821.66,814.07,35770000.0,-0.13%
292,26-08-2024,817.94,814.07,821.93,814.07,22360000.0,0.92%
293,23-08-2024,810.51,814.97,814.97,809.49,20330000.0,-0.38%
294,22-08-2024,813.63,813.97,817.12,811.98,21300000.0,0.34%
295,21-08-2024,810.88,812.03,815.25,806.89,47630000.0,-0.73%
296,20-08-2024,816.82,811.71,820.96,811.71,31130000.0,0.38%
297,19-08-2024,813.75,816.79,816.79,809.83,19500000.0,-0.03%
298,16-08-2024,814.02,812.23,815.05,803.5,27850000.0,1.51%
299,14-08-2024,801.9,801.26,804.85,799.61,32330000.0,0.29%
300,13-08-2024,799.61,811.98,814.17,798.59,54060000.0,-3.43%
301,12-08-2024,827.99,823.95,835.9,821.63,39320000.0,0.60%
302,09-08-2024,823.05,823.95,829.21,820.86,26640000.0,0.46%
303,08-08-2024,819.31,809.98,824.6,807.62,33980000.0,1.18%
304,07-08-2024,809.74,806.49,812.98,799.11,42350000.0,1.39%
305,06-08-2024,798.61,812.98,814.45,794.67,45120000.0,-0.90%
306,05-08-2024,805.87,818.01,820.96,798.51,41330000.0,-2.62%
307,02-08-2024,827.52,813.48,833.18,813.48,44120000.0,1.24%
308,01-08-2024,817.37,809.44,822.98,806.97,26220000.0,1.43%
309,31-07-2024,805.87,805,811.93,802.6,37820000.0,0.01%
310,30-07-2024,805.77,799.01,815.35,797.52,54600000.0,0.65%
311,29-07-2024,800.53,805.5,813.9,797.17,51000000.0,-0.81%
312,26-07-2024,807.07,800.51,808.86,796.24,43810000.0,0.10%
313,25-07-2024,806.29,794.52,810.48,794.52,25540000.0,0.78%
314,24-07-2024,800.03,802.08,808.49,792.05,61730000.0,-0.89%
315,23-07-2024,807.19,821.73,821.86,800.51,52000000.0,-1.47%
316,22-07-2024,819.24,806.49,823.45,804.32,53740000.0,2.19%
317,19-07-2024,801.66,805.99,809.49,799.76,26000000.0,-0.46%
318,18-07-2024,805.4,802,809.96,797.59,33720000.0,-0.31%
319,16-07-2024,807.86,808.36,811.48,806.39,28950000.0,-0.14%
320,15-07-2024,809.04,809.74,812.88,805.6,33380000.000000004,-0.04%
321,12-07-2024,809.34,808.99,817.17,803.58,56050000.0,0.05%
322,11-07-2024,808.94,809.96,810.91,798.51,44180000.0,-0.26%
323,10-07-2024,811.03,812.95,817.96,808.36,45510000.0,-0.64%
324,09-07-2024,816.22,810.48,821.31,808.16,48550000.0,0.07%
325,08-07-2024,815.65,820.61,825.42,811.56,39090000.0,-0.77%
326,05-07-2024,822,840.41,840.41,819.06,82240000.0,-4.58%
327,04-07-2024,861.43,877.69,877.69,860.28,45850000.0,-2.35%
328,03-07-2024,882.13,893.28,894.77,880.14,123220000.0,2.20%
329,02-07-2024,863.15,855.37,865.3,849.26,45920000.0,1.49%
330,01-07-2024,850.48,837.92,851.53,837.92,21190000.0,1.27%
331,28-06-2024,839.81,846.69,851.18,837.42,26480000.0,-0.73%
332,27-06-2024,845.97,845.95,854.37,841.21,55070000.0,-0.31%
333,26-06-2024,848.64,851.86,853.33,843.45,47600000.0,-0.58%
334,25-06-2024,853.55,833.48,856.34,833.48,74520000.0,2.33%
335,24-06-2024,834.12,821.46,835.47,820.83,28540000.0,0.40%
336,21-06-2024,830.81,834.35,834.35,819.54,51630000.0,-0.22%
337,20-06-2024,832.6,832.83,838.64,823.95,41410000.0,0.69%
338,19-06-2024,826.87,804.7,832.88,800.01,90130000.0,3.11%
339,18-06-2024,801.9,796.47,803.25,792.75,32420000.0,0.68%
340,14-06-2024,796.47,790.03,797.52,786.89,25540000.0,1.02%
341,13-06-2024,788.41,788.91,790.88,785.05,24120000.0,0.42%
342,12-06-2024,785.12,785.55,792.18,781.26,39280000.0,0.60%
343,11-06-2024,780.46,776.07,783.55,774.17,29550000.0,0.22%
344,10-06-2024,778.71,785.05,788.36,776.87,22450000.0,-0.77%
345,07-06-2024,784.72,778.59,790.21,774.1,36710000.0,0.88%
346,06-06-2024,777.91,780.51,780.78,771.38,46420000.0,0.51%
347,05-06-2024,773.97,745.17,777.86,739.34,81630000.0,4.63%
348,04-06-2024,739.73,776.57,777.57,725.2,89530000.0,-5.66%
349,03-06-2024,784.15,797.52,797.52,773.08,72640000.0,2.65%
350,31-05-2024,763.87,757.61,766.09,755.12,74080000.0,1.10%
351,30-05-2024,755.55,747.74,759.91,746.97,33760000.0,0.43%
352,29-05-2024,752.28,757.12,760.03,748.76,35150000.0,-1.45%
353,28-05-2024,763.35,763.15,766.12,760.51,27910000.0,0.18%
354,27-05-2024,761.95,759.78,770.58,757.64,29390000.0,0.69%
355,24-05-2024,756.72,741.9,758.06,741.16,31060000.0,1.65%
356,23-05-2024,744.45,727.51,745.97,726.72,40860000.0,2.29%
357,22-05-2024,727.79,727.12,730.98,722.28,40000000.0,0.03%
358,21-05-2024,727.59,723.25,733.03,723.25,43770000.0,-0.49%
359,18-05-2024,731.21,731.18,731.73,729.71,1060000.0,0.13%
360,17-05-2024,730.23,721.31,732.18,721.31,20920000.0,0.26%
361,16-05-2024,728.31,721.23,729.46,715.97,34950000.0,1.51%
362,15-05-2024,717.46,728.04,728.04,716.12,38930000.0,-1.54%
363,14-05-2024,728.66,724.32,730.93,723.35,25670000.0,0.39%
364,13-05-2024,725.82,714.22,728.09,713.38,27050000.0,1.21%
365,10-05-2024,717.17,717.71,724.17,711.63,27280000.0,-0.66%
366,09-05-2024,721.95,735.64,741.53,720.86,46280000.0,-2.37%
367,08-05-2024,739.49,746.12,746.62,738.34,41690000.0,-1.56%
368,07-05-2024,751.21,759.09,760.13,750.21,28480000.0,-1.08%
369,06-05-2024,759.44,759.11,765.35,756.69,28790000.0,0.20%
370,03-05-2024,757.91,764.72,768.39,751.73,31870000.0,-0.83%
371,02-05-2024,764.22,759.11,766.59,758.29,33479999.999999996,0.80%
372,30-04-2024,758.16,762.7,767.84,755.57,52310000.0,-0.61%
373,29-04-2024,762.85,755.62,765.32,751.41,36090000.0,1.30%
374,26-04-2024,753.03,758.01,762.1,750.91,24850000.0,-0.06%
375,25-04-2024,753.5,751.26,757.96,751.26,35450000.0,-0.06%
376,24-04-2024,753.97,755.62,758.99,752.65,22440000.0,0.27%
377,23-04-2024,751.93,761.26,761.36,749.76,26830000.0,-0.30%
378,22-04-2024,754.22,776.77,776.77,752.28,42300000.0,-1.25%
379,19-04-2024,763.75,741.43,765.57,738.29,34580000.0,2.45%
380,18-04-2024,745.5,753.03,757.54,743.67,34230000.0,-0.96%
381,16-04-2024,752.75,741.65,754.57,739.29,20740000.0,0.97%
382,15-04-2024,745.5,746.92,753.13,744.17,23420000.0,-1.60%
383,12-04-2024,757.59,758.61,763.03,754.85,41080000.0,-1.13%
384,10-04-2024,766.27,773.03,773.03,764.57,27810000.0,-0.79%
385,09-04-2024,772.35,775.5,775.5,768.24,21880000.0,0.13%
386,08-04-2024,771.38,775.55,776.69,768.86,20480000.0,-0.19%
387,05-04-2024,772.85,767.59,775.32,763.18,59060000.0,1.44%
388,04-04-2024,761.9,750.13,763.1,750.13,88940000.0,3.06%
389,03-04-2024,739.31,734.22,745.97,733.87,45580000.0,0.15%
390,02-04-2024,738.24,730.76,745.57,729.81,41230000.0,0.66%
391,01-04-2024,733.43,727.19,735.07,725.99,25200000.0,1.56%
392,28-03-2024,722.15,718.56,728.44,718.56,55590000.0,0.50%
393,27-03-2024,718.56,710.01,722.18,708.86,62170000.0,1.07%
394,26-03-2024,710.93,711.83,717.19,709.31,56840000.0,-1.21%
395,22-03-2024,719.63,718.71,723.57,717.09,45980000.0,-0.20%
396,21-03-2024,721.08,719.51,723.82,717.37,28920000.0,1.03%
397,20-03-2024,713.75,722.73,724.02,710.56,43610000.0,-1.26%
398,19-03-2024,722.88,715.97,724.4,715.97,36180000.0,0.23%
399,18-03-2024,721.23,721.7,726.19,716.12,21440000.0,-0.45%
400,15-03-2024,724.52,723.2,727.84,719.34,143610000.0,-0.19%
401,14-03-2024,725.92,729.24,731.18,720.36,52430000.0,-0.34%
402,13-03-2024,728.39,730.93,733.97,723.25,63070000.0,0.06%
403,12-03-2024,727.96,715.22,730.18,712.85,65420000.0,2.22%
404,11-03-2024,712.13,713.23,721.18,709.73,50530000.0,-1.27%
405,07-03-2024,721.26,720.96,723.72,718.91,49350000.0,0.24%
406,06-03-2024,719.51,715,724.62,715,42410000.0,0.12%
407,05-03-2024,718.64,709.24,719.71,709.06,37990000.0,0.57%
408,04-03-2024,714.57,713.7,716.72,710.38,35620000.0,0.14%
409,02-03-2024,713.6,715.49,716.22,712.28,1790000.0,0.00%
410,01-03-2024,713.6,698.26,714.6,698.26,34740000.0,1.95%
411,29-02-2024,699.96,699.31,703.45,696.92,53300000.0,-0.43%
412,28-02-2024,702.95,708.31,710.33,700.26,25320000.0,-0.76%
413,27-02-2024,708.31,705.02,711.58,704.77,32090000.000000004,-0.15%
414,26-02-2024,709.38,705.02,715.64,705.02,23510000.0,0.12%
415,23-02-2024,708.54,709.51,715.17,707.24,29830000.0,0.07%
416,22-02-2024,708.01,707.12,712.63,704.35,50560000.0,-1.36%
417,21-02-2024,717.79,730.18,730.18,715.72,45890000.0,-1.04%
418,20-02-2024,725.35,705.74,726.82,704.15,56130000.0,2.63%
419,19-02-2024,706.79,712.73,712.73,705.84,34450000.0,-0.20%
420,16-02-2024,708.19,710.18,712.08,702.48,32180000.0,0.41%
421,15-02-2024,705.27,690.78,705.99,690.46,41580000.0,2.17%
422,14-02-2024,690.31,686.29,694.02,680.08,91320000.0,-0.75%
423,13-02-2024,695.49,694.25,700.43,690.46,57580000.0,0.32%
424,12-02-2024,693.28,698.09,705.07,689.96,34450000.0,-0.97%
425,09-02-2024,700.06,694.35,705.34,691.78,56640000.0,0.04%
426,08-02-2024,699.78,713.15,717.69,698.51,69110000.0,-1.88%
427,07-02-2024,713.2,724.7,725.1,711.55,54840000.0,-0.98%
428,06-02-2024,720.26,720.98,723.05,714.52,41080000.0,-0.05%
429,05-02-2024,720.63,721.21,724.15,715.25,38610000.0,-0.09%
430,02-02-2024,721.28,735.67,738.59,719.24,44870000.0,-1.38%
431,01-02-2024,731.36,730.71,734.97,726.22,32689999.999999996,0.26%
432,31-01-2024,729.46,717.96,735.64,716.62,65760000.00000001,1.26%
433,30-01-2024,720.36,725.47,729.78,718.66,41730000.0,-0.71%
434,29-01-2024,725.52,722.23,729.58,721.11,65650000.00000001,1.38%
435,25-01-2024,715.67,724.45,726.87,707.94,98940000.0,-1.44%
436,24-01-2024,726.14,688.41,727.42,688.41,86000000.0,2.00%
437,23-01-2024,711.9,730.68,735.52,710.73,115470000.0,-3.48%
438,20-01-2024,737.59,739.76,745.99,736.17,25840000.0,0.56%
439,19-01-2024,733.5,751.11,753.25,732.38,109600000.0,-1.04%
440,18-01-2024,741.23,745.15,755.62,738.19,161070000.0,-3.34%
441,17-01-2024,766.84,783.05,796.42,762.3,170150000.0,-8.44%
442,16-01-2024,837.49,834.42,839.74,826.99,25320000.0,0.38%
443,15-01-2024,834.32,821.81,838.36,819.76,28320000.0,1.93%
444,12-01-2024,818.56,823.95,825.94,814.77,19770000.0,-0.47%
445,11-01-2024,822.45,827.94,829.39,819.46,18310000.0,-0.42%
446,10-01-2024,825.92,819.46,827.91,818.66,16120000.000000002,0.33%
447,09-01-2024,823.2,831.51,836.82,821.33,25330000.0,-0.78%
448,08-01-2024,829.66,837.17,839.09,827.94,18000000.0,-1.11%
449,05-01-2024,839.01,841.48,850.33,831.98,31890000.0,-0.51%
450,04-01-2024,843.33,836.92,845.37,833.28,26730000.0,1.07%
451,03-01-2024,834.37,848.89,850.23,832.4,28390000.0,-1.54%
452,02-01-2024,847.44,847.29,849.29,842.25,29240000.0,0.06%
453,01-01-2024,846.94,850.88,852.45,843.9,14240000.0,-0.65%
454,29-12-2023,852.5,846.39,855.32,845.9,25010000.0,0.23%
455,28-12-2023,850.51,852.53,858.56,848.89,44080000.0,0.11%
456,27-12-2023,849.54,838.66,851.13,837.22,27010000.0,1.24%
457,26-12-2023,839.14,834.55,840.88,832.2,18050000.0,0.69%
458,22-12-2023,833.35,839.71,840.86,831.48,48580000.0,-0.94%
459,21-12-2023,841.26,826.44,842.78,823.08,36590000.0,1.79%
460,20-12-2023,826.44,826.94,832.4,820.18,34230000.0,0.25%
461,19-12-2023,824.4,822.95,827.27,819.98,24010000.0,-0.17%
462,18-12-2023,825.8,828.29,830.28,823.43,18010000.0,-0.05%
463,15-12-2023,826.22,822.95,831.93,821.26,138840000.0,0.39%
464,14-12-2023,823.03,820.96,827.42,820.46,35170000.0,1.18%
465,13-12-2023,813.43,814.2,815.97,805.55,29350000.0,-0.23%
466,12-12-2023,815.27,825.05,826.07,813.9,36580000.0,-0.99%
467,11-12-2023,823.45,822.98,829.79,821.46,23190000.0,-0.13%
468,08-12-2023,824.55,813.2,825.45,813.2,33730000.0,1.40%
469,07-12-2023,813.2,810.48,814.97,806.09,20450000.0,0.16%
470,06-12-2023,811.88,817.19,817.19,806.32,38610000.0,0.25%
471,05-12-2023,809.83,816.22,817.47,806.24,52230000.0,0.89%
472,04-12-2023,802.7,792.03,804,784.87,50660000.0,3.47%
473,01-12-2023,775.77,777.02,780.93,774.12,22150000.0,-0.22%
474,30-11-2023,777.47,782.63,784.27,769.16,69490000.0,-0.02%
475,29-11-2023,777.64,765.05,779.56,764.6,34040000.0,2.00%
476,28-11-2023,762.43,765.69,766.72,761.01,28490000.0,-0.23%
477,24-11-2023,764.15,758.71,764.67,758.04,16469999.999999998,0.71%
478,23-11-2023,758.76,752.38,760.03,752.38,13050000.0,0.58%
479,22-11-2023,754.4,758.11,758.11,749.91,29120000.0,-0.36%
480,21-11-2023,757.09,757.61,759.11,754.17,24960000.0,0.85%
481,20-11-2023,750.73,754.62,754.62,748.91,19330000.0,0.01%
482,17-11-2023,750.68,743.15,751.88,742.65,23700000.0,-0.22%
483,16-11-2023,752.3,752.98,757.61,750.01,29710000.0,0.26%
484,15-11-2023,750.33,750.18,753.6,748.41,41250000.0,1.05%
485,13-11-2023,742.55,744.2,746.12,741.11,20610000.0,-0.75%
486,12-11-2023,748.14,748.14,749.14,746.22,3950000.0,0.57%
487,10-11-2023,743.9,738.21,746.14,738.19,14020000.0,0.39%
488,09-11-2023,740.98,741.16,744.45,739.91,22120000.0,-0.40%
489,08-11-2023,743.92,740.13,744.87,738.66,31400000.0,0.29%
490,07-11-2023,741.78,745.15,745.15,736.77,41950000.0,-0.49%
491,06-11-2023,745.4,747.14,747.14,739.66,25590000.0,0.72%
492,03-11-2023,740.03,742.15,743.85,738.99,18100000.0,0.47%
493,02-11-2023,736.54,740.66,743.4,731.75,45230000.0,0.15%
494,01-11-2023,735.42,729.31,736.89,729.31,33880000.0,-0.14%
495,31-10-2023,736.42,750.13,750.13,735.17,32630000.000000004,-0.58%
496,30-10-2023,740.71,729.81,743.13,729.14,23310000.0,1.09%
497,27-10-2023,732.75,732.93,737.17,731.63,31940000.0,0.39%
498,26-10-2023,729.88,743.77,744.15,728.31,55560000.0,-2.21%
499,25-10-2023,746.39,758.61,759.51,743.87,28310000.0,-0.63%
500,23-10-2023,751.16,759.86,762.48,748.19,22380000.0,-1.10%
501,20-10-2023,759.51,750.63,761.6,750.63,21090000.0,0.52%
502,19-10-2023,755.59,750.83,761.23,749.73,30250000.0,-0.32%
503,18-10-2023,757.99,768.69,768.69,757.17,31220000.0,-1.39%
504,17-10-2023,768.69,775.94,775.94,765.6,32900000.0,0.76%
505,16-10-2023,762.9,763.85,765.32,758.36,17860000.0,-0.40%
506,13-10-2023,765.97,768.09,772.48,763.08,39750000.0,-0.91%
507,12-10-2023,773,766.14,774.07,763.9,22030000.0,0.67%
508,11-10-2023,767.89,763.15,769.16,762.35,31330000.0,0.97%
509,10-10-2023,760.53,758.39,762.6,755.72,33270000.000000004,0.57%
510,09-10-2023,756.24,762.1,763.1,754.12,16450000.0,-1.16%
511,06-10-2023,765.12,770.08,770.58,763.03,17760000.0,-0.11%
512,05-10-2023,765.97,765.62,773.85,764.4,48510000.0,0.41%
513,04-10-2023,762.88,745.64,765.6,742.78,54650000.0,1.43%
514,03-10-2023,752.15,761.6,761.6,751.13,38970000.0,-1.20%
515,29-09-2023,761.26,759.96,765.82,759.26,32049999.999999996,0.17%
516,28-09-2023,759.96,765.1,766.89,757.29,55350000.0,-0.21%
517,27-09-2023,761.53,759.61,764.35,755.62,39340000.0,-0.70%
518,26-09-2023,766.92,760.61,768.09,760.61,27580000.0,0.43%
519,25-09-2023,763.6,760.61,768.44,760.61,40210000.0,0.09%
520,22-09-2023,762.93,777.57,780.26,759.98,61700000.0,-1.53%
521,21-09-2023,774.75,774.57,782.53,766.62,72840000.0,-0.66%
522,20-09-2023,779.91,797.52,797.52,778.26,115470000.0,-4.01%
523,18-09-2023,812.5,824.82,825.45,811.03,37060000.0,-1.97%
524,15-09-2023,828.81,822.95,832.93,822.95,173410000.0,1.15%
525,14-09-2023,819.41,820.08,822.95,815.52,23540000.0,-0.06%
526,13-09-2023,819.91,813.63,823.75,812.28,46420000.0,0.43%
527,12-09-2023,816.42,817.96,819.41,810.51,39030000.0,0.31%
528,11-09-2023,813.87,812.43,816.22,809.98,31570000.0,0.52%
529,08-09-2023,809.69,802.15,814.42,801.8,34500000.0,0.78%
530,07-09-2023,803.43,795.77,805,791.61,34210000.0,0.96%
531,06-09-2023,795.77,786.44,798.01,785.5,56320000.0,1.31%
532,05-09-2023,785.5,792.23,792.23,783.35,38710000.0,-0.61%
533,04-09-2023,790.31,793.03,793.75,785.5,25070000.0,0.63%
534,01-09-2023,785.4,783.55,787.54,777.74,43230000.0,0.21%
535,31-08-2023,783.77,787.54,789.61,779.61,100080000.0,-0.46%
536,30-08-2023,787.39,799.98,799.98,784.9,28080000.0,-0.73%
537,29-08-2023,793.18,792.88,794.35,788.76,35540000.0,0.80%
538,28-08-2023,786.92,778.81,789.36,778.81,28870000.0,1.04%
539,25-08-2023,778.81,785.32,786.79,777.27,30070000.0,-1.13%
540,24-08-2023,787.69,794.67,796.12,786.12,43150000.0,-0.46%
541,23-08-2023,791.33,788.04,793.3,784.67,36500000.0,0.25%
542,22-08-2023,789.39,796.19,797.02,788.04,32270000.000000004,-0.43%
543,21-08-2023,792.78,798.26,798.26,791.53,21840000.0,-0.08%
544,18-08-2023,793.4,791.8,796.17,790.78,25630000.0,-0.41%
545,17-08-2023,796.67,796.82,802.95,795.02,52880000.0,-0.55%
546,16-08-2023,801.11,789.59,802.83,788.69,34140000.0,-0.29%
547,14-08-2023,803.45,803.5,805.5,798.14,31300000.0,-0.49%
548,11-08-2023,807.39,817.17,817.17,806.09,28230000.0,-1.04%
549,10-08-2023,815.89,821.48,825.07,813.48,50780000.0,-0.89%
550,09-08-2023,823.2,824.45,825.2,813.53,33360000.0,0.04%
551,08-08-2023,822.9,823.8,825.75,818.99,43770000.0,-0.08%
552,07-08-2023,823.58,829.49,829.49,821.73,28300000.0,-0.06%
553,04-08-2023,824.05,815.55,826.19,812.6,37390000.0,1.45%
554,03-08-2023,812.3,817.96,823.63,809.49,57670000.0,-0.72%
555,02-08-2023,818.21,818.96,823.7,814.55,28120000.0,-1.31%
556,01-08-2023,829.06,825.17,831.66,822.95,35390000.0,0.67%
557,31-07-2023,823.55,822.98,826.34,817.32,34570000.0,0.47%
558,28-07-2023,819.71,828.69,832.38,818.51,41020000.0,-1.77%
559,27-07-2023,834.5,847.84,849.39,831.66,59740000.0,-1.04%
560,26-07-2023,843.25,847.69,847.69,841.91,24790000.0,-0.35%
561,25-07-2023,846.19,840.23,847.39,837.12,55990000.0,1.08%
562,24-07-2023,837.12,837.17,840.23,832.98,32180000.0,0.16%
563,21-07-2023,835.8,837.92,842.8,834.55,42150000.0,-0.77%
564,20-07-2023,842.28,838.49,843.9,837.92,56210000.0,0.22%
565,19-07-2023,840.46,838.46,842.28,835.42,32939999.999999996,0.45%
566,18-07-2023,836.67,846.89,849.89,832.93,81080000.0,-0.08%
567,17-07-2023,837.37,822.95,838.91,814.47,49250000.0,2.09%
568,14-07-2023,820.21,824.75,824.75,815.47,24730000.0,0.21%
569,13-07-2023,818.51,826.29,826.67,816.99,41910000.0,0.50%
570,12-07-2023,814.45,825.62,831.08,811.56,70960000.0,-0.94%
571,11-07-2023,822.15,829.44,835.92,820.71,50670000.0,-0.49%
572,10-07-2023,826.17,828.44,836.29,822.8,38400000.0,-0.24%
573,07-07-2023,828.14,830.43,835.42,826.09,19930000.0,-0.87%
574,06-07-2023,835.42,834.42,841.83,828.14,52160000.0,0.10%
575,05-07-2023,834.57,856,857.87,832.2,37170000.0,-3.18%
576,04-07-2023,861.96,859.59,871.33,854.77,38800000.0,0.49%
577,03-07-2023,857.77,854.12,876.57,852.88,44100000.0,1.08%
578,30-06-2023,848.59,849.89,852.28,839.54,40700000.0,1.51%
579,28-06-2023,835.99,832.93,837.87,828.19,59560000.0,1.06%
580,27-06-2023,827.24,819.44,834.37,817.24,33830000.0,1.41%
581,26-06-2023,815.75,820.46,823.33,812.33,16129999.999999998,-0.48%
582,23-06-2023,819.71,816.74,827.89,815,21340000.0,-0.01%
583,22-06-2023,819.76,817.96,826.72,817.49,56600000.0,0.49%
584,21-06-2023,815.77,805.99,816.59,803.5,24310000.0,1.75%
585,20-06-2023,801.76,800.08,803.5,793.35,20010000.0,0.21%
586,19-06-2023,800.08,803.5,805.12,797.19,24830000.0,0.09%
587,16-06-2023,799.39,791.61,802.6,790.03,15780000.0,1.31%
588,15-06-2023,789.06,800.01,800.98,787.54,35380000.0,-1.23%
589,14-06-2023,798.89,803.23,804,798.11,20110000.0,-0.11%
590,13-06-2023,799.76,793.08,802.5,793.08,27930000.0,0.17%
591,12-06-2023,798.41,804.27,805.89,797.74,13410000.0,-0.61%
592,09-06-2023,803.3,805.94,807.24,801.51,18210000.0,0.12%
593,08-06-2023,802.35,799.64,810.98,799.64,37400000.0,0.06%
594,07-06-2023,801.85,799.74,804.27,796.02,24950000.0,0.52%
595,06-06-2023,797.72,801.83,802.93,794.15,32180000.0,-0.31%
596,05-06-2023,800.21,805.25,806.24,799.24,18700000.0,-0.13%
597,02-06-2023,801.26,804.22,805.4,798.51,17860000.0,0.16%
598,01-06-2023,800.01,807.94,807.94,798.01,50370000.0,-0.43%
599,31-05-2023,803.43,812.93,815.45,800.33,43330000.0,-1.58%
600,30-05-2023,816.34,814.77,819.29,812.25,37130000.0,0.08%
601,29-05-2023,815.72,812.23,818.46,810.41,21820000.0,1.22%
602,26-05-2023,805.89,807.49,807.49,799.14,26640000.0,0.39%
603,25-05-2023,802.8,805.84,808.01,796.69,29780000.0,-0.38%
604,24-05-2023,805.89,811.76,815.35,804.8,33590000.0,-1.31%
605,23-05-2023,816.57,822.45,822.75,814.7,22470000.0,-0.23%
606,22-05-2023,818.49,820.46,824.4,814.32,28330000.0,-0.36%
607,19-05-2023,821.41,821.95,822.95,813.75,30460000.0,0.12%
608,18-05-2023,820.46,821.95,824.92,817.96,49650000.0,0.40%
609,17-05-2023,817.19,822.95,822.95,810.66,30470000.0,-0.54%
610,16-05-2023,821.61,833.83,833.83,819.96,32720000.0,-1.70%
611,15-05-2023,835.82,833.93,838.29,830.48,18510000.0,0.48%
612,12-05-2023,831.83,821.46,834.32,820.08,22480000.0,0.88%
613,11-05-2023,824.55,830.51,841.91,822.58,35730000.0,0.07%
614,10-05-2023,824,820.21,825.27,814.52,46340000.0,0.46%
615,09-05-2023,820.21,822.9,825.94,817.94,43690000.0,0.00%
616,08-05-2023,820.18,815.47,823.13,812.98,37240000.0,1.16%
617,05-05-2023,810.81,817.47,828.41,809.04,62770000.0,-5.91%
618,04-05-2023,861.76,841.46,865.07,841.46,56850000.0,2.05%
619,03-05-2023,844.47,840.38,845.9,837.74,29410000.0,0.35%
620,02-05-2023,841.53,842.25,847.39,838.91,32220000.0,-0.02%
621,28-04-2023,841.71,840.26,843.4,832.93,27920000.0,0.39%
622,27-04-2023,838.41,833.18,840.53,830.86,47790000.0,0.55%
623,26-04-2023,833.83,827.94,835.42,825.45,27390000.0,0.46%
624,25-04-2023,830.01,841.76,841.76,828.89,50350000.0,-1.42%
625,24-04-2023,841.98,841.41,843.63,834.97,35680000.0,0.81%
626,21-04-2023,835.22,832.43,836.39,829.56,20130000.0,0.16%
627,20-04-2023,833.88,833.78,836.64,831.13,32920000.0,0.37%
628,19-04-2023,830.78,830.43,833.08,826.52,24740000.0,0.37%
629,18-04-2023,827.74,832.93,836.54,826.14,29640000.0,-0.42%
630,17-04-2023,831.26,857.87,857.87,824.6,32409999.999999996,-1.52%
631,13-04-2023,844.12,842.05,846.42,836.99,35330000.0,0.45%
632,12-04-2023,840.36,831.93,842,831.83,26960000.0,1.30%
633,11-04-2023,829.59,827.44,832.63,823.5,42360000.0,0.29%
634,10-04-2023,827.17,829.56,833.43,824.95,31810000.0,-0.47%
635,06-04-2023,831.11,822.23,832.53,821.51,44640000.0,0.76%
636,05-04-2023,824.82,807.29,825.94,805.99,43370000.0,2.68%
637,03-04-2023,803.28,801.78,805.84,799.39,40030000.0,0.06%
638,31-03-2023,802.78,795.82,804.47,794.22,34710000.0,1.37%
639,29-03-2023,791.93,790.03,799.01,788.99,39760000.0,0.48%
640,28-03-2023,788.14,780.91,789.49,780.11,39280000.0,0.81%
641,27-03-2023,781.78,779.16,787.76,777.52,31870000.0,0.44%
642,24-03-2023,778.39,778.06,785,775.55,31480000.0,-0.16%
643,23-03-2023,779.64,781.93,793.2,777.34,28360000.0,-0.80%
644,22-03-2023,785.94,790.03,791.06,780.71,14180000.0,-0.23%
645,21-03-2023,787.76,784.02,789.29,776.17,33049999.999999996,1.13%
646,20-03-2023,778.94,782.03,782.1,770.78,26500000.0,-0.69%
647,17-03-2023,784.37,776.82,787.64,768.09,22950000.0,1.34%
648,16-03-2023,774.02,767.59,777.62,764.12,21750000.0,0.65%
649,15-03-2023,769.04,787.04,789.49,766.39,37260000.0,-1.44%
650,14-03-2023,780.23,783.18,789.83,777.71,33189999.999999996,-0.27%
651,13-03-2023,782.33,791.98,799.91,780.53,26440000.0,-1.27%
652,10-03-2023,792.35,803.23,804.87,790.53,27390000.0,-2.58%
653,09-03-2023,813.33,812.95,820.93,811.48,20700000.0,0.01%
654,08-03-2023,813.25,807.99,817.72,807.99,20100000.0,0.20%
655,06-03-2023,811.63,807.99,817.69,807.02,27000000.0,0.71%
656,03-03-2023,805.94,796.02,807.99,792.03,14990000.0,1.98%
657,02-03-2023,790.26,795.02,800.98,789.04,17390000.0,-0.85%
658,01-03-2023,797.04,804,804.5,795.89,14140000.0,-0.10%
659,28-02-2023,797.81,794.02,800.66,792.38,18990000.0,0.42%
660,27-02-2023,794.47,790.98,797.52,786.69,14310000.0,0.25%
661,24-02-2023,792.5,806.94,806.94,790.63,17060000.0,-0.89%
662,23-02-2023,799.64,804.5,807.42,794.07,27880000.0,-0.68%
663,22-02-2023,805.1,817.47,818.94,802.53,10360000.0,-1.96%
664,21-02-2023,821.21,817.96,829.11,814.97,12390000.0,0.37%
665,20-02-2023,818.14,827.94,832.65,815.37,8090000.0,-0.94%
666,17-02-2023,825.9,828.44,832,819.44,8960000.0,-0.50%
667,16-02-2023,830.06,834.52,838.86,828.44,8060000.000000001,-0.36%
668,15-02-2023,833.08,836.92,836.92,826.32,11440000.0,-0.20%
669,14-02-2023,834.77,830.43,836.67,826.92,10910000.0,0.93%
670,13-02-2023,827.12,825.45,828.81,820.23,5740000.0,0.08%
671,10-02-2023,826.49,822.35,827.19,819.06,8170000.0,0.40%
672,09-02-2023,823.23,827.94,828.76,815.75,11780000.0,-0.21%
673,08-02-2023,824.95,825.07,832.03,822.95,8440000.0,-0.01%
674,07-02-2023,825.05,827.64,830.38,814.27,10260000.0,0.15%
675,06-02-2023,823.83,827.94,832.63,821.06,11170000.0,-0.43%
676,03-02-2023,827.34,803.5,828.19,801.51,14410000.0,3.46%
677,02-02-2023,799.69,802.05,810.23,792.4,17500000.0,-1.49%
678,01-02-2023,811.76,809.98,830.43,801.01,17300000.0,1.50%
679,31-01-2023,799.76,807.84,809.34,795.52,18600000.0,-0.66%
680,30-01-2023,805.07,795.52,810.63,789.04,18510000.0,-0.10%
681,27-01-2023,805.89,813.97,816.47,793,35180000.0,-1.99%
682,25-01-2023,822.28,843.6,844.37,820.61,14700000.0,-2.76%
683,24-01-2023,845.65,835.45,849.09,835.42,24980000.0,1.34%
684,23-01-2023,834.47,831.06,839.21,828.64,15440000.0,0.73%
685,20-01-2023,828.41,820.01,832.43,819.66,18840000.0,1.02%
686,19-01-2023,820.01,816.47,822.95,814.47,11170000.0,0.42%
687,18-01-2023,816.62,800.51,818.76,797.86,19090000.0,1.77%
688,17-01-2023,802.45,792.93,803.5,786.79,10790000.0,1.49%
689,16-01-2023,790.68,805.5,808.64,788.19,14750000.0,-0.96%
690,13-01-2023,798.34,797.39,802.95,791.03,9240000.0,0.08%
691,12-01-2023,797.72,791.93,799.96,790.11,9250000.0,0.53%
692,11-01-2023,793.48,782.03,797.02,778.06,15200000.0,1.44%
693,10-01-2023,782.2,798.01,798.01,780.56,16370000.000000002,-1.83%
694,09-01-2023,796.77,796.02,803.78,793.03,10730000.0,0.19%
695,06-01-2023,795.22,799.01,802.55,787.14,9090000.0,-0.33%
696,05-01-2023,797.86,805.5,807.02,792.73,10940000.0,-0.64%
697,04-01-2023,803.03,815.47,820.83,801.51,10350000.0,-1.79%
698,03-01-2023,817.64,809.09,819.46,809.09,8380000.000000001,0.65%
699,02-01-2023,812.33,811.48,817.84,807.27,4380000.0,0.03%
700,30-12-2022,812.05,820.46,820.46,807.99,7120000.0,-0.80%
701,29-12-2022,818.61,808.04,819.71,803.5,11010000.0,0.71%
702,28-12-2022,812.88,809.54,814.47,809.54,8690000.0,-0.08%
703,27-12-2022,813.53,814.47,815.94,804.75,7930000.0,0.10%
704,26-12-2022,812.7,797.77,817.47,793.03,9910000.0,1.99%
705,23-12-2022,796.84,791.53,800.08,790.76,10690000.0,-0.89%
706,22-12-2022,804.02,809.09,811.73,802.5,9750000.0,-0.34%
707,21-12-2022,806.79,818.46,820.36,801.28,9270000.0,-0.97%
708,20-12-2022,814.67,808.09,816.17,808.09,7170000.0,-0.69%
709,19-12-2022,820.33,819.96,821.28,811.08,9600000.0,0.31%
710,16-12-2022,817.79,808.01,820.51,802.5,14650000.0,0.48%
711,15-12-2022,813.87,826.47,832.63,811.51,18180000.0,-1.83%
712,14-12-2022,829.06,824.45,830.68,822.95,14230000.0,0.85%
713,13-12-2022,822.1,822.95,826.44,820.46,17030000.0,0.28%
714,12-12-2022,819.84,810.48,824.75,808.69,14430000.0,0.78%
715,09-12-2022,813.5,810.98,815.4,807.99,11960000.0,0.71%
716,08-12-2022,807.74,803,810.98,800.51,14800000.0,0.56%
717,07-12-2022,803.23,805.07,807.29,800.23,11670000.0,-0.04%
718,06-12-2022,803.58,798.51,804.85,798.01,12350000.0,-0.11%
719,05-12-2022,804.47,802.98,805.3,796.12,11590000.0,0.36%
720,02-12-2022,801.56,803,807.29,800.58,7810000.0,-0.77%
721,01-12-2022,807.74,808.99,816.47,805.5,20450000.0,0.69%
722,30-11-2022,802.23,796.57,804.45,796.57,15180000.0,0.66%
723,29-11-2022,796.94,796.64,804.17,794.45,12640000.0,-0.15%
724,28-11-2022,798.14,799.46,801.73,795.05,16110000.0,-1.08%
725,25-11-2022,806.82,812.83,813.83,805.05,8410000.0,-0.46%
726,24-11-2022,810.56,800.98,813.97,797.59,17200000.0,1.63%
727,23-11-2022,797.59,800.51,800.51,795.02,10190000.0,0.26%
728,22-11-2022,795.52,798.01,800.18,793.53,8550000.0,-0.15%
729,21-11-2022,796.69,801.83,804,793.13,8340000.0,-1.03%
730,18-11-2022,804.95,808.49,809.49,800.63,10460000.0,-0.26%
731,17-11-2022,807.07,807.04,813.75,804.95,12100000.0,-0.90%
732,16-11-2022,814.42,807.32,818.96,804,13580000.0,0.86%
733,15-11-2022,807.49,809.56,809.56,800.63,11030000.0,0.24%
734,14-11-2022,805.52,804,811.98,797.02,19200000.0,0.24%
735,11-11-2022,803.58,770.58,816.47,767.09,56720000.0,5.67%
736,10-11-2022,760.48,746.69,761.6,745.67,12770000.0,1.09%
737,09-11-2022,752.3,755.64,757.09,750.13,9270000.0,-0.03%
738,07-11-2022,752.53,753.13,754.12,744.2,9840000.0,0.78%
739,04-11-2022,746.72,749.73,756.17,742.95,10820000.0,-0.69%
740,03-11-2022,751.9,746.99,758.24,746.64,10330000.0,-0.44%
741,02-11-2022,755.22,756.62,762.23,753.92,12720000.0,0.06%
742,01-11-2022,754.75,749.88,762.6,747.59,19070000.0,1.11%
743,31-10-2022,746.49,734.17,747.14,731.8,12830000.0,2.61%
744,28-10-2022,727.54,723.2,731.68,721.9,10470000.0,0.30%
745,27-10-2022,725.4,730.43,731.85,723.82,15940000.0,0.24%
746,25-10-2022,723.65,728.74,732.08,720.71,13770000.0,-0.69%
747,24-10-2022,728.71,725.35,729.68,725.35,2170000.0,1.56%
748,21-10-2022,717.51,724.2,727.02,715.22,10490000.0,-0.70%
749,20-10-2022,722.6,720.21,724.65,719.46,7900000.0,-0.68%
750,19-10-2022,727.51,730.18,736.87,724.9,12970000.0,1.03%
751,18-10-2022,720.13,727.22,729.63,718.21,10560000.0,-0.19%
752,17-10-2022,721.48,715.72,726.99,711.73,18410000.0,0.52%
753,14-10-2022,717.71,706.74,721.7,705.87,12850000.0,3.26%
754,13-10-2022,695.07,699.29,701.38,690.28,14710000.0,-1.15%
755,12-10-2022,703.15,699.86,705.67,696.92,9230000.0,0.65%
756,11-10-2022,698.59,698.81,706.74,697.99,14520000.0,-1.01%
757,10-10-2022,705.74,702.25,711.23,697.36,13110000.0,-1.10%
758,07-10-2022,713.62,713.35,715.69,708.41,13300000.0,-0.43%
759,06-10-2022,716.72,728.16,729.48,715.32,12550000.0,-1.10%
760,04-10-2022,724.7,712.98,727.19,711.31,11540000.0,2.82%
761,03-10-2022,704.85,703.23,707.17,698.81,11540000.0,-0.57%
762,30-09-2022,708.91,687.69,713.95,680.81,15780000.0,2.82%
763,29-09-2022,689.46,696.42,699.36,687.69,14410000.0,-0.52%
764,28-09-2022,693.05,701.26,703.55,691.23,11820000.0,-1.72%
765,27-09-2022,705.17,714.42,718.21,701.75,12640000.0,-0.90%
766,26-09-2022,711.55,710.91,716.44,707.24,8920000.0,-1.35%
767,23-09-2022,721.28,734.35,735.67,716.72,15810000.0,-2.68%
768,22-09-2022,741.16,749.14,753.2,739.53,12050000.0,-2.13%
769,21-09-2022,757.29,752.13,758.86,750.63,9070000.0,-0.15%
770,20-09-2022,758.46,755.12,760.11,753.08,10780000.0,1.20%
771,19-09-2022,749.44,742.65,755.12,738.16,12080000.0,0.66%
772,16-09-2022,744.52,749.68,755.47,739.66,20560000.0,-1.84%
773,15-09-2022,758.46,763.1,768.56,754.12,13540000.0,-0.52%
774,14-09-2022,762.43,745.17,767.54,744.32,20220000.0,1.03%
775,13-09-2022,754.67,747.59,756.07,747.42,13000000.0,1.31%
776,12-09-2022,744.92,748.14,750.13,743.15,11080000.0,-0.34%
777,09-09-2022,747.44,746.24,752.63,745.17,15130000.0,0.07%
778,08-09-2022,746.94,743.2,748.14,739.24,11160000.0,1.03%
779,07-09-2022,739.31,733.82,743.15,733.82,9780000.0,-0.47%
780,06-09-2022,742.83,747.59,751.46,741.38,12240000.0,-0.38%
781,05-09-2022,745.67,741.21,747.64,740.21,12130000.0,0.64%
782,02-09-2022,740.91,734.25,743.4,730.78,12040000.0,0.91%
783,01-09-2022,734.25,730.56,742.88,727.69,22400000.0,-0.94%
784,30-08-2022,741.21,721.43,743.13,719.76,10140000.0,3.24%
785,29-08-2022,717.91,716.72,721.21,712.53,8650000.0,-1.75%
786,26-08-2022,730.73,734.2,739.06,728.79,7710000.0,0.02%
787,25-08-2022,730.61,738.11,741.55,726.69,11820000.0,-0.54%
788,24-08-2022,734.6,729.14,735.92,727.79,13460000.0,0.48%
789,23-08-2022,731.08,724.85,736.14,723.4,14970000.0,-0.31%
790,22-08-2022,733.35,740.56,742.33,732.03,8230000.0,-1.52%
791,19-08-2022,744.67,753.13,754.12,743.15,8060000.000000001,-1.23%
792,18-08-2022,753.97,748.14,755.07,747.96,8340000.0,0.12%
793,17-08-2022,753.08,748.14,754.5,741.03,12380000.0,0.52%
794,16-08-2022,749.21,745.54,752.38,742.18,12560000.0,1.14%
795,12-08-2022,740.73,740.66,742.8,736.14,8850000.0,-0.04%
796,11-08-2022,741.01,741.41,743.65,735.45,18300000.0,1.32%
797,10-08-2022,731.33,728.86,733.92,722.73,17350000.0,0.29%
798,08-08-2022,729.21,712.23,730.43,711.78,15360000.0,2.45%
799,05-08-2022,711.75,714.72,716.69,708.81,9270000.0,-0.34%
800,04-08-2022,714.17,718.21,721.55,704.72,12010000.0,-0.12%
801,03-08-2022,715.02,710.71,716.09,706.74,10980000.0,0.23%
802,02-08-2022,713.35,719.21,720.51,709.76,15040000.0,-1.10%
803,01-08-2022,721.28,717.71,722.43,713.25,13190000.0,0.83%
804,29-07-2022,715.32,717.22,717.51,705.89,20020000.0,1.22%
805,28-07-2022,706.67,705.77,710.23,703.75,17420000.0,0.89%
806,27-07-2022,700.46,692.73,701.26,690.41,9210000.0,0.76%
807,26-07-2022,695.15,696.27,699.26,691.43,8530000.0,-0.20%
808,25-07-2022,696.57,695.77,700.56,689.93,10140000.0,0.29%
809,22-07-2022,694.52,681.3,696.77,679.51,12730000.0,2.33%
810,21-07-2022,678.69,678.59,683.05,677.36,12640000.0,-0.32%
811,20-07-2022,680.83,678.26,683.85,675.94,20350000.0,1.26%
812,19-07-2022,672.35,666.84,677.59,666.84,15790000.0,0.04%
813,18-07-2022,672.1,672.33,681.35,669.36,20330000.0,-1.06%
814,15-07-2022,679.33,674.82,680.76,671.73,13600000.0,0.81%
815,14-07-2022,673.85,679.31,684.62,672.95,10370000.0,-0.50%
816,13-07-2022,677.24,693.28,695.37,675.44,15950000.0,-2.44%
817,12-07-2022,694.17,700.88,700.88,692.98,9880000.0,-1.02%
818,11-07-2022,701.33,695.27,703.2,694.9,7460000.0,0.65%
819,08-07-2022,696.82,703.25,703.25,695.64,12470000.0,0.09%
820,07-07-2022,696.17,688.29,697.27,685.52,17740000.0,1.79%
821,06-07-2022,683.92,672.33,685,671.88,15050000.0,1.38%
822,05-07-2022,674.62,680.31,687.96,672.48,14330000.0,-0.22%
823,04-07-2022,676.14,675.17,678.41,669.46,8490000.0,0.14%
824,01-07-2022,675.2,670.31,678.31,663.37,11470000.0,0.43%
825,30-06-2022,672.33,666.34,675.32,666.34,12480000.0,0.30%
826,29-06-2022,670.31,663.97,673.7,663.97,9990000.0,-0.14%
827,28-06-2022,671.28,670.33,673.82,667.54,9770000.0,-0.76%
828,27-06-2022,676.44,683.3,686.29,674.32,9800000.0,0.18%
829,24-06-2022,675.22,667.61,679.14,667.61,8010000.0,1.40%
830,23-06-2022,665.92,663.6,672.33,657.61,15370000.0,0.37%
831,22-06-2022,663.47,664.47,666.82,659.96,8160000.0,-0.47%
832,21-06-2022,666.62,666.79,675.32,660.38,13220000.0,1.09%
833,20-06-2022,659.43,650.73,660.86,645.47,15940000.0,2.51%
834,17-06-2022,643.27,635.92,647.89,634.22,14720000.0,0.66%
835,16-06-2022,639.06,653.37,658.64,637.41,12170000.0,-2.00%
836,15-06-2022,652.1,649.21,656.27,647.59,11810000.0,-0.35%
837,14-06-2022,654.37,654,661.35,650.88,11870000.0,-1.10%
838,13-06-2022,661.65,660.16,663.35,652.53,10890000.0,-1.81%
839,10-06-2022,673.87,678.36,682.28,670.13,9160000.0,-1.93%
840,09-06-2022,687.14,679.43,689.31,676.89,7310000.0,0.75%
841,08-06-2022,682,684.95,688.79,676.82,5990000.0,0.35%
842,07-06-2022,679.61,679.31,685.44,675.37,10250000.0,-1.15%
843,06-06-2022,687.51,686.44,691.78,678.64,6170000.0,-0.13%
844,03-06-2022,688.44,697.41,698.64,686.44,6960000.0,-0.35%
845,02-06-2022,690.83,691.9,692.28,687.59,11480000.0,-0.70%
846,01-06-2022,695.69,688.29,698.49,687.86,12090000.0,0.42%
847,31-05-2022,692.75,696.22,700.66,688.29,13490000.0,-0.90%
848,30-05-2022,699.04,703.37,708.49,697.49,12620000.0,0.68%
849,27-05-2022,694.3,684.2,695.62,683.67,24030000.0,1.85%
850,26-05-2022,681.65,669.41,683.8,668.34,26990000.0,2.85%
851,25-05-2022,662.75,663.35,666.32,659.96,12890000.0,0.75%
852,24-05-2022,657.84,648.39,660.86,646.84,12870000.0,1.15%
853,23-05-2022,650.38,655.37,663.32,647.94,19490000.0,-1.28%
854,20-05-2022,658.84,649.88,660.46,644.57,13920000.0,2.63%
855,19-05-2022,641.93,641.5,646.59,637.56,20540000.0,-2.04%
856,18-05-2022,655.32,660.38,665,653.37,15730000.0,-0.01%
857,17-05-2022,655.37,654.67,656.87,647.49,16640000.0,0.68%
858,16-05-2022,650.93,647.89,654.37,641.05,9800000.0,1.06%
859,13-05-2022,644.07,653.4,657.36,641.9,16770000.0,-0.90%
860,12-05-2022,649.91,658.91,661.75,644.9,22380000.0,-3.38%
861,11-05-2022,672.63,674.82,675.82,662.68,17100000.0,0.56%
862,10-05-2022,668.86,655.89,674.82,655.89,20110000.0,1.61%
863,09-05-2022,658.29,648.39,661.6,646.14,32759999.999999996,0.17%
864,06-05-2022,657.16,663.35,665.84,654.87,26730000.0,-2.61%
865,05-05-2022,674.8,685.79,685.79,671.58,17860000.0,-0.22%
866,04-05-2022,676.32,698.26,700.06,673.32,29060000.0,-3.40%
867,02-05-2022,700.11,679.33,701.48,679.33,19490000.0,1.38%
868,29-04-2022,690.58,688.46,700.63,684.07,28400000.0,0.97%
869,28-04-2022,683.97,684.3,687.79,679.36,20770000.0,-0.09%
870,27-04-2022,684.57,678.31,687.79,676.37,18050000.0,0.04%
871,26-04-2022,684.32,684.3,689.26,676.89,17020000.0,0.46%
872,25-04-2022,681.18,673.32,683.62,659.48,20940000.0,0.75%
873,22-04-2022,676.12,678.31,685.97,672.9,20660000.0,-1.36%
874,21-04-2022,685.47,680.81,688.19,674.97,52450000.0,1.48%
875,20-04-2022,675.47,675.54,678.26,666.02,49330000.0,0.90%
876,19-04-2022,669.43,688.74,693.05,661.85,74100000.0,-3.82%
877,18-04-2022,695.99,707.66,714.05,693.3,45620000.0,-4.74%
878,13-04-2022,730.66,743.15,749.29,729.51,28890000.0,-1.91%
879,12-04-2022,744.9,740.16,751.55,738.24,27440000.0,-0.18%
880,11-04-2022,746.22,751.13,753.13,744.77,20800000.0,-1.22%
881,08-04-2022,755.45,754.17,760.98,746.79,41260000.0,-0.14%
882,07-04-2022,756.49,768.74,768.76,754.97,40780000.0,-2.20%
883,06-04-2022,773.5,791.88,792.93,771.75,27030000.0,-3.57%
884,05-04-2022,802.13,831.28,831.28,799.01,30920000.0,-2.93%
885,04-04-2022,826.34,788.04,858.91,779.34,97450000.0,10.01%
886,01-04-2022,751.13,736.37,753.13,733.33,14570000.0,2.42%
887,31-03-2022,733.35,733.67,740.51,731.13,14300000.0,-0.45%
888,30-03-2022,736.64,734.17,739.53,725.22,20110000.0,1.73%
889,29-03-2022,724.1,718.71,728.31,713.23,12380000.0,1.33%
890,28-03-2022,714.62,713.67,717.22,699.06,15750000.0,0.13%
891,25-03-2022,713.67,723.7,724.2,707.74,16370000.000000002,-0.81%
892,24-03-2022,719.53,731.18,733,715.49,20160000.0,-2.47%
893,23-03-2022,737.79,751.63,757.52,734.97,31190000.0,-1.00%
894,22-03-2022,745.22,738.81,747.14,726.79,10460000.0,0.51%
895,21-03-2022,741.41,741.65,744.97,734.57,12260000.0,0.44%
896,17-03-2022,738.19,734.17,743.05,733.45,14820000.0,2.20%
897,16-03-2022,722.28,721.7,725.69,716.32,13360000.0,1.70%
898,15-03-2022,710.23,719.96,722.95,704.12,18870000.0,-1.29%
899,14-03-2022,719.48,705.74,723.2,705.74,25020000.0,3.28%
900,11-03-2022,696.67,692.28,702.73,684.65,15150000.0,0.29%
901,10-03-2022,694.62,711.73,711.73,688.41,22270000.0,1.57%
902,09-03-2022,683.87,663.35,685.64,657.79,23130000.0,3.26%
903,08-03-2022,662.25,649.48,665.34,644.4,39210000.0,0.23%
904,07-03-2022,660.76,657.61,664.52,646.92,27050000.0,-3.05%
905,04-03-2022,681.55,678.31,691.28,666.79,21220000.0,-0.33%
906,03-03-2022,683.8,688.79,694.27,679.76,17530000.0,-0.24%
907,02-03-2022,685.42,691.53,697.46,675.52,38510000.0,-3.65%
908,28-02-2022,711.36,711.23,717.49,705.27,24880000.0,-2.05%
909,25-02-2022,726.24,718.19,731.13,714.65,18320000.0,2.59%
910,24-02-2022,707.94,723.15,735.64,701.83,23630000.0,-5.43%
911,23-02-2022,748.59,760.66,760.96,745.97,9030000.0,-0.65%
912,22-02-2022,753.48,743.05,759.16,742.13,9540000.0,-0.75%
913,21-02-2022,759.16,750.13,763.45,745.92,7470000.0,0.64%
914,18-02-2022,754.3,747.29,756.62,743.38,7800000.0,0.39%
915,17-02-2022,751.38,754.67,759.11,749.14,7350000.0,-0.61%
916,16-02-2022,755.99,765.27,765.47,751.63,10030000.0,-0.14%
917,15-02-2022,757.02,736.17,760.56,734.7,13140000.0,2.99%
918,14-02-2022,735.02,743.15,747.86,732.83,14660000.0,-2.97%
919,11-02-2022,757.54,748.26,760.61,747.89,10710000.0,-0.41%
920,10-02-2022,760.66,755.12,765.84,748.96,14310000.0,1.84%
921,09-02-2022,746.94,735.17,747.99,731.68,11310000.0,2.45%
922,08-02-2022,729.11,736.37,737.39,720.48,13980000.0,-0.43%
923,07-02-2022,732.25,754.17,757.61,728.19,12270000.0,-3.66%
924,04-02-2022,760.11,762.3,764.52,755.17,11580000.0,0.57%
925,03-02-2022,755.79,762.48,768.06,752.63,10560000.0,-1.04%
926,02-02-2022,763.7,754.1,765.6,750.93,13970000.0,2.28%
927,01-02-2022,746.64,752.38,756.62,734.9,14740000.0,0.76%
928,31-01-2022,741.01,734.55,743.92,731.58,12840000.0,1.53%
929,28-01-2022,729.81,736.92,741.51,728.19,24930000.0,-0.79%
930,27-01-2022,735.64,723.2,740.66,715.72,28620000.0,-0.88%
931,25-01-2022,742.18,727.51,745.64,720.21,13590000.0,0.09%
932,24-01-2022,741.48,753.1,758.74,731.95,11870000.0,-2.30%
933,21-01-2022,758.91,748.14,763,740.96,11540000.0,0.83%
934,20-01-2022,752.63,762.33,762.35,748.19,15200000.0,-0.62%
935,19-01-2022,757.34,765.1,767.96,754.8,14320000.0,-0.71%
936,18-01-2022,762.73,764.6,773.53,759.61,12340000.0,0.51%
937,17-01-2022,758.86,763.1,776.07,757.69,22990000.0,-1.53%
938,14-01-2022,770.66,763.1,772.43,757.61,11210000.0,1.12%
939,13-01-2022,762.1,775.57,775.57,758.31,41960000.0,-1.84%
940,12-01-2022,776.39,782.05,786.37,774.07,21090000.0,-0.59%
941,11-01-2022,781.01,778.84,782.4,771.98,8390000.0,0.43%
942,10-01-2022,777.64,777.07,784.05,770.83,8860000.0,0.55%
943,07-01-2022,773.35,770.08,781.43,766.04,11180000.0,0.70%
944,06-01-2022,767.96,769.59,775.45,763.13,9630000.0,-1.60%
945,05-01-2022,780.48,766.49,784.05,762.15,14330000.0,2.37%
946,04-01-2022,762.38,758.11,764.55,752.03,8860000.0,0.59%
947,03-01-2022,757.94,740.66,759.61,738.41,9070000.0,2.72%
948,31-12-2021,737.86,728.94,740.56,728.94,6330000.0,1.22%
949,30-12-2021,728.94,727.44,731.6,720.71,7220000.0,0.53%
950,29-12-2021,725.12,726.22,728.69,721.9,7670000.0,-0.48%
951,28-12-2021,728.59,728.54,731.63,724.9,5450000.0,0.69%
952,27-12-2021,723.6,712.68,725.2,709.31,4710000.0,0.83%
953,24-12-2021,717.66,720.96,724.2,712.23,5560000.0,-0.36%
954,23-12-2021,720.26,724.82,727.09,716.64,9780000.0,-0.08%
955,22-12-2021,720.81,724.35,726.19,716.07,8580000.0,0.24%
956,21-12-2021,719.11,717.96,723.57,713.23,9120000.0,1.13%
957,20-12-2021,711.06,724.2,727.19,705.3,21160000.0,-3.22%
958,17-12-2021,734.7,746.64,751.13,732.03,14990000.0,-1.80%
959,16-12-2021,748.19,754.52,756.62,745.15,13210000.0,0.01%
960,15-12-2021,748.14,749.63,759.78,745.97,10120000.0,-0.16%
961,14-12-2021,749.36,749.39,756.12,746.67,9190000.0,-0.58%
962,13-12-2021,753.7,761.11,766.92,751.73,10320000.0,-0.75%
963,10-12-2021,759.39,760.56,762.1,752.35,7780000.0,-0.28%
964,09-12-2021,761.53,770.68,775.42,759.11,11750000.0,-1.73%
965,08-12-2021,774.97,766.09,775.6,765.1,15300000.0,1.84%
966,07-12-2021,760.96,755.1,764.1,753.08,12430000.0,1.46%
967,06-12-2021,750.03,754.62,757.52,746.82,7030000.0,-0.64%
968,03-12-2021,754.9,761.01,766.07,751.65,8119999.999999999,-0.80%
969,02-12-2021,760.98,750.38,762.5,748.14,11200000.0,1.40%
970,01-12-2021,750.46,745.64,751.65,742.7,8680000.0,0.74%
971,30-11-2021,744.92,745.64,762.6,741.43,25220000.0,-0.51%
972,29-11-2021,748.76,745.54,751.95,729.19,12990000.0,0.76%
973,26-11-2021,743.1,748.14,751.48,740.66,18620000.0,-2.36%
974,25-11-2021,761.08,755.52,764.75,751.63,10250000.0,0.52%
975,24-11-2021,757.14,760.11,766.27,755.15,30800000.0,0.16%
976,23-11-2021,755.89,749.14,762,746.32,11240000.0,0.01%
977,22-11-2021,755.79,771.08,774.42,747.66,15260000.0,-1.56%
978,18-11-2021,767.79,761.13,769.83,760.73,9150000.0,0.56%
979,17-11-2021,763.5,766.54,770.08,762.35,7600000.0,-1.11%
980,16-11-2021,772.08,775.57,776.67,768.89,8250000.0,-0.59%
981,15-11-2021,776.69,779.11,783.97,775.27,9530000.0,0.27%
982,12-11-2021,774.57,773.08,777.59,770.61,14910000.0,0.30%
983,11-11-2021,772.23,773.1,775.52,765.89,8000000.0,-0.45%
984,10-11-2021,775.69,782.05,782.55,773.08,13710000.0,-1.08%
985,09-11-2021,784.17,795.32,795.32,782.58,12700000.0,-1.75%
986,08-11-2021,798.14,794.07,800.36,783.28,18940000.0,0.40%
987,04-11-2021,795,795.52,796.94,793.08,1100000.0,0.79%
988,03-11-2021,788.76,800.56,802.95,785.82,10210000.0,-1.57%
989,02-11-2021,801.38,801.01,808.99,798.04,13240000.0,0.09%
990,01-11-2021,800.66,790.53,803.5,789.81,8119999.999999999,1.42%
991,29-10-2021,789.46,793.03,799.01,778.06,12410000.0,-0.67%
992,28-10-2021,794.82,822.95,822.95,791.61,17800000.0,-2.99%
993,27-10-2021,819.36,824.32,830.46,816.62,13250000.0,-0.60%
994,26-10-2021,824.32,822.95,834.85,821.13,12090000.0,-0.26%
995,25-10-2021,826.44,842.9,842.9,804.9,16430000.0,-1.41%
996,22-10-2021,838.29,837.96,851.88,833.3,12180000.0,0.27%
997,21-10-2021,836.07,833.83,838.89,828.36,9740000.0,0.15%
998,20-10-2021,834.85,842.45,847.27,830.16,10910000.0,-0.88%
999,19-10-2021,842.25,835.65,844.12,833.43,8990000.0,1.10%
1000,18-10-2021,833.08,850.38,860.36,831.46,28860000.0,-1.01%
1001,14-10-2021,841.61,816.97,842.9,816.97,14760000.0,2.93%
1002,13-10-2021,817.67,816.47,821.95,812.98,6230000.0,0.60%
1003,12-10-2021,812.78,810.48,818.74,810.48,8180000.0,-0.26%
1004,11-10-2021,814.87,797.96,820.46,797.52,13080000.0,1.94%
1005,08-10-2021,799.34,804,808.99,798.09,7250000.0,-0.49%
1006,07-10-2021,803.25,811.28,811.83,801.51,11270000.0,-0.27%
1007,06-10-2021,805.45,796.02,811.41,791.53,18600000.0,1.22%
1008,05-10-2021,795.75,794.02,796.77,786.17,10260000.0,0.61%
1009,04-10-2021,790.91,792.53,798.69,789.83,7050000.0,0.19%
1010,01-10-2021,789.39,789.54,792.53,780.68,11130000.0,-0.77%
1011,30-09-2021,795.5,791.03,801.18,789.59,15980000.0,0.07%
1012,29-09-2021,794.95,796.52,801.31,790.61,16260000.000000002,-1.31%
1013,28-09-2021,805.52,813.97,813.97,789.04,12770000.0,-0.62%
1014,27-09-2021,810.53,805.84,815.72,802,16420000.000000002,1.47%
1015,24-09-2021,798.79,787.54,801.98,785.55,20810000.0,2.01%
1016,23-09-2021,783.05,769.09,784.05,769.09,13660000.0,2.37%
1017,22-09-2021,764.95,772.58,773.15,763.1,10580000.0,-1.18%
1018,21-09-2021,774.05,779.06,782.38,762.58,14770000.0,-0.51%
1019,20-09-2021,777.99,780.06,788.89,777.07,8780000.0,-1.41%
1020,17-09-2021,789.11,782.55,792.53,777.67,20500000.0,1.42%
1021,16-09-2021,778.04,766.97,780.21,766.24,10260000.0,0.85%
1022,15-09-2021,771.48,765.6,775.47,765.6,14820000.0,-0.11%
1023,14-09-2021,772.35,778.06,780.31,771.38,9760000.0,-0.45%
1024,13-09-2021,775.84,779.06,790.03,774.9,8960000.0,-0.83%
1025,09-09-2021,782.35,785.05,787.76,778.56,8250000.0,-0.49%
1026,08-09-2021,786.24,784.02,788.29,780.86,6720000.0,0.46%
1027,07-09-2021,782.68,779.31,789.04,775.67,7250000.0,0.23%
1028,06-09-2021,780.91,788.01,788.51,779.04,7880000.0,-0.66%
1029,03-09-2021,786.07,791.08,797.02,782.2,10740000.0,-0.81%
1030,02-09-2021,792.53,785.1,794.02,783.68,9620000.0,0.63%
1031,01-09-2021,787.59,785.55,797.02,785.3,12420000.0,-0.15%
1032,31-08-2021,788.74,779.81,789.71,779.16,12060000.0,0.84%
1033,30-08-2021,782.18,775.87,783.05,773.87,9050000.0,1.28%
1034,27-08-2021,772.3,774.07,777.39,770.71,6380000.0,-0.41%
1035,26-08-2021,775.47,773.08,783.55,769.81,11120000.0,-0.17%
1036,25-08-2021,776.77,774.12,780.46,772.08,7730000.0,-0.09%
1037,24-08-2021,777.49,763.1,780.31,761.83,18380000.0,2.25%
1038,23-08-2021,760.41,763.03,764.67,752.45,10840000.0,0.65%
1039,20-08-2021,755.5,741.18,758.01,741.18,13150000.0,0.12%
1040,18-08-2021,754.62,776.42,780.73,752.3,22990000.0,-0.11%
1041,17-08-2021,755.45,756.72,760.11,750.78,8279999.999999999,-1.04%
1042,16-08-2021,763.4,761.18,765.6,758.84,6250000.0,0.29%
1043,13-08-2021,761.21,748.74,763.6,748.64,16660000.0,1.65%
1044,12-08-2021,748.84,746.64,751.93,742.8,8600000.0,0.43%
1045,11-08-2021,745.62,755.57,757.54,743.67,12590000.0,-0.84%
1046,10-08-2021,751.95,742.65,757.99,742.65,14840000.0,0.25%
1047,09-08-2021,750.08,744.15,751.8,736.17,11000000.0,0.75%
1048,06-08-2021,744.47,739.93,748.14,735.17,13340000.0,0.53%
1049,05-08-2021,740.58,731.73,751.65,726.89,18820000.0,1.33%
1050,04-08-2021,730.83,718.71,735.42,718.21,22050000.0,2.13%
1051,03-08-2021,715.57,703.25,718.16,703.25,12030000.0,0.85%
1052,02-08-2021,709.56,715.72,715.72,706.37,13260000.0,-0.27%
1053,30-07-2021,711.45,707.74,714.1,702.23,11660000.0,0.58%
1054,29-07-2021,707.36,712.35,713.2,704.9,13700000.0,0.07%
1055,28-07-2021,706.89,715.74,717.56,700.26,20670000.0,-1.56%
1056,27-07-2021,718.09,716.27,723.15,716.27,22400000.0,0.36%
1057,26-07-2021,715.49,713.23,720.21,712.28,13170000.0,-0.57%
1058,23-07-2021,719.58,723.95,726.92,715.87,13130000.0,-0.41%
1059,22-07-2021,722.55,726.24,732.43,720.71,13210000.0,0.38%
1060,20-07-2021,719.78,719.21,725.2,716.29,24170000.0,-1.89%
1061,19-07-2021,733.67,741.65,742.58,731.18,25110000.0,-3.37%
1062,16-07-2021,759.29,762.08,763.08,757.52,5170000.0,0.11%
1063,15-07-2021,758.46,750.63,761.48,747.96,10440000.0,1.44%
1064,14-07-2021,747.71,746.89,751.8,743.7,9790000.0,-0.18%
1065,13-07-2021,749.06,746.19,751.18,740.21,18180000.0,1.00%
1066,12-07-2021,741.65,749.14,749.14,740.16,14460000.0,-1.00%
1067,09-07-2021,749.14,754.4,756.12,746.89,10700000.0,-1.21%
1068,08-07-2021,758.34,760.61,766.94,754.85,8420000.0,-1.24%
1069,07-07-2021,767.84,765.1,770.76,761.95,9630000.0,0.31%
1070,06-07-2021,765.45,746.64,768.09,746.14,17670000.0,2.62%
1071,05-07-2021,745.87,743.13,750.38,740.43,7370000.0,1.02%
1072,02-07-2021,738.36,740.66,742.78,736.67,14830000.0,-0.43%
1073,01-07-2021,741.53,749.14,749.14,739.66,16910000.0,-0.74%
1074,30-06-2021,747.09,747.14,752.63,745.2,9680000.0,-0.28%
1075,29-06-2021,749.16,751.63,752.23,744.22,10970000.0,-0.42%
1076,28-06-2021,752.3,758.11,759.61,750.63,9360000.0,-0.45%
1077,25-06-2021,755.67,753.67,759.11,751.63,10380000.0,0.59%
1078,24-06-2021,751.26,743.15,754.85,742.15,14790000.0,1.40%
1079,23-06-2021,740.91,743.15,747.04,737.47,7840000.0,0.11%
1080,22-06-2021,740.06,746.64,752.13,738.16,14370000.0,-0.33%
1081,21-06-2021,742.5,728.86,744.05,727.69,7260000.0,0.60%
1082,18-06-2021,738.06,732.93,743.15,725.69,11940000.0,0.93%
1083,17-06-2021,731.23,731.18,737.54,728.19,9280000.0,-1.25%
1084,16-06-2021,740.46,742.15,745.15,737.22,7700000.0,-0.38%
1085,15-06-2021,743.28,741.16,746.14,735.57,7570000.0,0.73%
1086,14-06-2021,737.89,737.29,741.16,729.46,8880000.0,-0.46%
1087,11-06-2021,741.33,743.65,746.42,738.69,7210000.0,0.36%
1088,10-06-2021,738.69,739.21,742.65,735,11480000.0,0.05%
1089,09-06-2021,738.31,740.11,749.14,734.2,10220000.0,-0.19%
1090,08-06-2021,739.68,746.42,748.79,738.91,9870000.0,-1.12%
1091,07-06-2021,748.06,753.13,755.12,746.14,8090000.0,-0.07%
1092,04-06-2021,748.61,756.12,758.44,747.74,9420000.0,-1.29%
1093,03-06-2021,758.39,752.13,760.58,742.03,10290000.0,1.10%
1094,02-06-2021,750.13,753.13,753.23,744.65,10620000.0,-0.51%
1095,01-06-2021,753.97,758.26,761.6,751.75,11030000.0,-0.27%
1096,31-05-2021,756.04,748.14,757.86,741.9,15660000.0,0.82%
1097,28-05-2021,749.86,743.6,754.62,737.54,17750000.0,1.40%
1098,27-05-2021,739.49,734.72,742.65,729.41,20440000.0,0.38%
1099,26-05-2021,736.69,738.16,741.65,733.18,12280000.0,-0.13%
1100,25-05-2021,737.64,753.38,755,733.43,19240000.0,-2.05%
1101,24-05-2021,753.1,749.76,758.34,747.39,22150000.0,0.84%
1102,21-05-2021,746.79,719.71,749.09,719.71,19340000.0,4.50%
1103,20-05-2021,714.62,727.37,731.13,712.48,10680000.0,-1.74%
1104,19-05-2021,727.29,733.28,737.59,724.47,10130000.0,-1.25%
1105,18-05-2021,736.52,727.66,739.53,725.69,22170000.0,2.53%
1106,17-05-2021,718.34,695.84,719.51,688.94,15120000.0,3.85%
1107,14-05-2021,691.7,695.44,697.71,689.46,10600000.0,-0.90%
1108,12-05-2021,698.01,698.14,702.55,692.7,13770000.0,-0.29%
1109,11-05-2021,700.03,696.27,710.33,695.79,14520000.0,-1.15%
1110,10-05-2021,708.16,711.73,713.23,704.65,11060000.0,0.36%
1111,07-05-2021,705.62,704.72,710.71,703.37,12050000.0,0.99%
1112,06-05-2021,698.71,702.05,703.65,695.77,11480000.0,-0.12%
1113,05-05-2021,699.56,698.76,703.05,689.14,14420000.0,1.03%
1114,04-05-2021,692.45,703.23,709.73,689.93,21490000.0,-1.85%
1115,03-05-2021,705.47,694.77,709.19,686.94,22470000.0,0.15%
1116,30-04-2021,704.4,720.71,725.1,702,35230000.0,-4.09%
1117,29-04-2021,734.42,741.26,749.96,728.69,24080000.0,-0.29%
1118,28-04-2021,736.57,716.34,737.66,713.72,24100000.0,2.65%
1119,27-04-2021,717.56,701.88,719.21,700.66,20590000.0,2.41%
1120,26-04-2021,700.66,704.75,712.73,699.63,30170000.0,-0.66%
1121,23-04-2021,705.32,702.75,715.52,698.36,22710000.0,-0.59%
1122,22-04-2021,709.48,688.29,711.63,683.82,38490000.0,2.24%
1123,20-04-2021,693.97,710.73,711.43,690.26,23190000.0,-1.49%
1124,19-04-2021,704.45,693.28,707.09,684.45,24070000.0,-1.14%
1125,16-04-2021,712.55,715.69,720.71,709.98,15610000.0,-0.10%
1126,15-04-2021,713.28,700.76,716.57,693.77,34440000.0,2.12%
1127,13-04-2021,698.44,682.3,701.48,678.81,18600000.0,2.44%
1128,12-04-2021,681.83,694.77,697.76,674.82,22550000.0,-3.85%
1129,09-04-2021,709.11,711.23,714.62,705.79,28160000.0,-0.77%
1130,08-04-2021,714.62,724.7,728.64,713.47,17610000.0,-1.00%
1131,07-04-2021,721.8,717.86,726.54,709.01,25090000.0,0.48%
1132,06-04-2021,718.34,728.19,729.51,714.55,15080000.0,-0.65%
1133,05-04-2021,723,738.16,740.66,713.72,16010000.000000002,-2.50%
1134,01-04-2021,741.53,747.84,747.84,730.68,35760000.0,-0.46%
1135,31-03-2021,744.97,772.08,772.08,742.15,30770000.0,-3.86%
1136,30-03-2021,774.92,751.46,779.34,748.91,25610000.0,4.18%
1137,26-03-2021,743.8,745.15,747.64,735.17,12020000.0,1.91%
1138,25-03-2021,729.86,743.25,745.92,723.33,23960000.0,-1.04%
1139,24-03-2021,737.56,743.6,751.36,733.67,16370000.000000002,-1.42%
1140,23-03-2021,748.21,733.18,751.85,732.73,19760000.0,2.11%
1141,22-03-2021,732.75,745.59,745.59,728.39,14020000.0,-1.89%
1142,19-03-2021,746.89,740.66,753.72,735.2,21240000.0,0.44%
1143,18-03-2021,743.65,754,759.14,738.74,18070000.0,-0.29%
1144,17-03-2021,745.82,760.23,767.59,743.25,21060000.0,-1.11%
1145,16-03-2021,754.2,763.55,768.29,753.13,13720000.0,-1.08%
1146,15-03-2021,762.43,772.28,772.28,755.77,12230000.0,-1.50%
1147,12-03-2021,774.05,798.01,798.01,765.62,15630000.0,-0.24%
1148,10-03-2021,775.94,784.05,785.55,774.15,11060000.0,-0.43%
1149,09-03-2021,779.31,770.58,780.91,767.22,15070000.0,2.83%
1150,08-03-2021,757.86,769.09,775.57,754.37,15120000.0,-0.69%
1151,05-03-2021,763.1,763.6,770.88,758.66,17450000.0,-1.42%
1152,04-03-2021,774.1,772.35,783.55,767.64,16290000.0,-2.19%
1153,03-03-2021,791.46,790.03,796.02,780.56,11220000.0,1.19%
1154,02-03-2021,782.15,785.89,791.78,773.58,16110000.0,0.60%
1155,01-03-2021,777.52,780.06,784.32,768.44,13540000.0,1.60%
1156,26-02-2021,765.3,791.56,792.48,758.61,27910000.0,-4.48%
1157,25-02-2021,801.21,802.88,816.09,799.01,20110000.0,0.00%
1158,24-02-2021,801.23,761.36,804.97,756.24,14310000.0,5.06%
1159,23-02-2021,762.68,774.95,776.92,759.44,18240000.0,-1.22%
1160,22-02-2021,772.08,770.61,785,767.81,29450000.0,0.58%
1161,19-02-2021,767.64,770.58,780.16,764.6,17140000.0,-0.98%
1162,18-02-2021,775.22,800.98,800.98,772.08,14720000.0,-2.03%
1163,17-02-2021,791.28,807.99,808.89,789.54,12790000.0,-2.47%
1164,16-02-2021,811.31,808.59,818.46,802.23,13900000.0,0.62%
1165,15-02-2021,806.29,798.06,810.48,796.37,10360000.0,2.19%
1166,12-02-2021,789.01,785,794.27,784.55,9910000.0,0.61%
1167,11-02-2021,784.22,789.04,796.92,780.16,13650000.0,-0.59%
1168,10-02-2021,788.91,802.18,805.42,781.56,19790000.0,-1.87%
1169,09-02-2021,803.92,803,811.98,791.38,18420000.0,0.41%
1170,08-02-2021,800.63,807.99,813.8,795.87,17450000.0,0.48%
1171,05-02-2021,796.82,772.08,807.12,772.08,27050000.0,1.17%
1172,04-02-2021,787.59,781.06,792.03,769.81,24480000.0,0.27%
1173,03-02-2021,785.45,787.54,788.89,769.09,20240000.0,0.91%
1174,02-02-2021,778.34,748.64,787.29,746.84,42420000.0,5.67%
1175,01-02-2021,736.54,703.37,739.41,698.76,26370000.0,6.20%
1176,29-01-2021,693.52,693.95,702.63,680.56,28700000.0,1.39%
1177,28-01-2021,684.02,693.23,698.91,669.33,42700000.0,-2.71%
1178,27-01-2021,703.05,732.18,734.12,701.33,23560000.0,-3.64%
1179,25-01-2021,729.61,730.73,738.66,725.77,20340000.0,1.34%
1180,22-01-2021,719.98,732.13,732.13,718.29,15390000.0,-2.12%
1181,21-01-2021,735.57,744.15,745.32,732.25,26330000.0,-1.15%
1182,20-01-2021,744.15,748.64,748.64,741.16,13350000.0,-0.79%
1183,19-01-2021,750.06,744.05,753.95,731.68,17360000.0,1.40%
1184,18-01-2021,739.71,733.13,749.56,731.68,42830000.0,1.12%
1185,15-01-2021,731.5,732.73,734,720.71,14170000.0,-0.14%
1186,14-01-2021,732.55,733.75,742.15,726.19,12300000.0,-0.13%
1187,13-01-2021,733.5,744.6,746.59,729.24,16930000.0,-0.70%
1188,12-01-2021,738.66,724.42,742,722.75,20390000.0,2.04%
1189,11-01-2021,723.92,723.2,730.63,716.37,17330000.0,1.38%
1190,08-01-2021,714.05,714.22,719.21,709.78,13770000.0,1.09%
1191,07-01-2021,706.37,714.47,714.52,704.52,19890000.0,-0.30%
1192,06-01-2021,708.51,715.72,718.21,704.8,22130000.0,-0.43%
1193,05-01-2021,711.58,707.84,713.6,702.75,14390000.0,0.76%
1194,04-01-2021,706.24,717.22,717.22,697.76,15740000.0,-0.64%
1195,01-01-2021,710.76,718.21,719.71,708.54,8810000.0,-0.78%
1196,31-12-2020,716.37,715.72,720.21,710.76,22150000.0,0.27%
1197,30-12-2020,714.47,718.16,718.16,704.75,16219999.999999998,0.37%
1198,29-12-2020,711.83,708.76,715.59,708.24,14500000.0,1.02%
1199,28-12-2020,704.67,700.76,708.74,700.26,11700000.0,1.13%
1200,24-12-2020,696.82,692.98,700.26,686.79,14950000.0,1.56%
1201,23-12-2020,686.12,682.05,688.76,678.84,15470000.0,0.19%
1202,22-12-2020,684.85,690.68,690.68,670.83,22850000.0,0.03%
1203,21-12-2020,684.62,706.99,710.16,681.65,23760000.0,-2.74%
1204,18-12-2020,703.92,715.72,718.06,701.4,23000000.0,-2.11%
1205,17-12-2020,719.11,707.54,720.71,700.51,21920000.0,2.20%
1206,16-12-2020,703.6,700.26,706.64,695.52,16830000.0,1.39%
1207,15-12-2020,693.92,688.69,695.74,681.3,21560000.0,1.40%
1208,14-12-2020,684.37,689.78,692.28,682.3,17220000.0,-0.77%
1209,11-12-2020,689.68,693.3,695.77,684.8,21360000.0,-0.22%
1210,10-12-2020,691.21,697.27,699.26,686.17,19730000.0,-1.52%
1211,09-12-2020,701.85,686.79,703.28,685.82,22070000.0,2.25%
1212,08-12-2020,686.44,685.79,692.68,680.88,19460000.0,0.30%
1213,07-12-2020,684.42,685.79,688.26,677.36,24320000.0,-0.96%
1214,04-12-2020,691.08,688.79,698.99,684.95,26910000.0,0.61%
1215,03-12-2020,686.89,712.73,714.22,685.32,37930000.0,-2.11%
1216,02-12-2020,701.73,713.72,714.12,695.67,17890000.0,-1.84%
1217,01-12-2020,714.87,718.64,722.7,710.98,17150000.0,-0.52%
1218,27-11-2020,718.64,714.12,721.21,706.02,17990000.0,1.00%
1219,26-11-2020,711.55,705.74,714.22,691.78,27940000.0,1.70%
1220,25-11-2020,699.66,723.85,730.38,696.77,24150000.0,-2.46%
1221,24-11-2020,717.32,702.25,720.71,699.29,40150000.0,3.13%
1222,23-11-2020,695.57,705.74,710.06,685.97,25250000.0,-0.64%
1223,20-11-2020,700.08,684.62,702.45,680.83,20410000.0,2.13%
1224,19-11-2020,685.47,693.13,697.99,682.3,20270000.0,-2.44%
1225,18-11-2020,702.6,699.76,707.74,697.79,18860000.0,0.02%
1226,17-11-2020,702.48,691.18,704.55,688.59,31060000.0,2.83%
1227,14-11-2020,683.15,682.2,685.77,680.91,1840000.0,0.80%
1228,13-11-2020,677.71,682.7,682.7,671.83,22470000.0,-0.94%
1229,12-11-2020,684.15,686.99,692.55,678.31,27050000.0,-1.31%
1230,11-11-2020,693.25,698.21,705.64,683.55,36120000.0,-0.27%
1231,10-11-2020,695.1,676.82,695.77,674.1,41520000.0,3.96%
1232,09-11-2020,668.61,655.97,671.3,655.97,26290000.0,2.52%
1233,06-11-2020,652.2,631.55,653.37,631.18,35710000.0,3.03%
1234,05-11-2020,633.02,631.43,636.42,624.62,21430000.0,0.94%
1235,04-11-2020,627.14,624.45,630.83,613.47,23400000.0,0.76%
1236,03-11-2020,622.43,611.7,623.82,611.23,28160000.0,2.69%
1237,02-11-2020,606.12,595.69,610.98,587.29,21930000.0,2.68%
1238,30-10-2020,590.31,589.81,598.16,586.72,11520000.0,-0.31%
1239,29-10-2020,592.13,598.81,600.73,587.79,23060000.0,-1.85%
